CustomerID,orders_count,total_spent,avg_check
12346,1,77183.6,77183.6
12347,7,4310.0,615.71
12348,4,1797.24,449.31
12349,1,1757.55,1757.55
12350,1,334.4,334.4
12352,8,2506.04,313.26
12353,1,89.0,89.0
12354,1,1079.4,1079.4
12355,1,459.4,459.4
12356,3,2811.43,937.14
12357,1,6207.67,6207.67
12358,2,1168.06,584.03
12359,4,6372.58,1593.15
12360,3,2662.06,887.35
12361,1,189.9,189.9
12362,10,5226.23,522.62
12363,2,552.0,276.0
12364,4,1313.1,328.28
12365,2,641.38,320.69
12367,1,168.9,168.9
12370,4,3545.69,886.42
12371,2,1887.96,943.98
12372,3,1298.04,432.68
12373,1,364.6,364.6
12374,1,742.93,742.93
12375,2,457.5,228.75
12377,2,1628.12,814.06
12378,1,4008.62,4008.62
12379,2,852.24,426.12
12380,4,2724.81,681.2
12381,5,1845.31,369.06
12383,5,1850.56,370.11
12384,2,585.27,292.64
12386,2,401.9,200.95
12388,6,2780.66,463.44
12390,1,549.84,549.84
12391,1,460.89,460.89
12393,4,1582.6,395.65
12394,2,1272.48,636.24
12395,12,3018.63,251.55
12397,2,2409.9,1204.95
12398,1,1635.66,1635.66
12399,4,1108.65,277.16
12401,1,84.3,84.3
12402,1,225.6,225.6
12403,1,427.7,427.7
12405,1,1710.39,1710.39
12406,2,3415.3,1707.65
12407,5,1708.12,341.62
12408,5,2888.55,577.71
12409,3,11072.67,3690.89
12410,2,693.33,346.66
12412,3,1226.88,408.96
12413,3,758.1,252.7
12414,3,562.41,187.47
12415,21,124914.53,5948.31
12417,9,3649.1,405.46
12418,1,668.58,668.58
12420,1,600.39,600.39
12421,4,807.04,201.76
12422,3,803.56,267.85
12423,8,1859.31,232.41
12424,2,1760.96,880.48
12425,1,777.2,777.2
12426,1,582.73,582.73
12427,3,825.8,275.27
12428,9,7956.46,884.05
12429,4,3750.4,937.6
12430,1,256.4,256.4
12431,15,6487.45,432.5
12432,5,5059.32,1011.86
12433,7,13375.87,1910.84
12434,2,806.14,403.07
12435,2,7829.89,3914.94
12436,1,509.01,509.01
12437,18,4951.41,275.08
12438,2,2906.85,1453.43
12441,1,173.55,173.55
12442,1,172.06,172.06
12444,5,5005.46,1001.09
12445,1,133.4,133.4
12446,1,1002.31,1002.31
12447,1,476.49,476.49
12448,1,449.45,449.45
12449,4,4067.29,1016.82
12450,2,197.88,98.94
12451,5,9035.52,1807.1
12452,2,430.57,215.29
12453,1,707.09,707.09
12454,1,3528.34,3528.34
12455,6,2466.86,411.14
12456,3,3181.04,1060.35
12457,7,2363.23,337.6
12458,2,947.4,473.7
12461,2,826.88,413.44
12462,2,1189.59,594.8
12463,4,1344.78,336.2
12464,8,1212.05,151.51
12465,2,742.19,371.1
12468,2,729.54,364.77
12471,30,19824.05,660.8
12472,7,6572.11,938.87
12473,5,3938.55,787.71
12474,18,7375.79,409.77
12475,1,723.38,723.38
12476,11,6816.42,619.67
12477,6,13219.74,2203.29
12478,1,680.99,680.99
12479,1,527.2,527.2
12480,4,3281.63,820.41
12481,10,5596.32,559.63
12483,8,2484.98,310.62
12484,6,4541.72,756.95
12488,3,1298.66,432.89
12489,1,334.93,334.93
12490,10,5417.93,541.79
12491,1,460.4,460.4
12492,2,263.21,131.61
12493,2,433.74,216.87
12494,7,1246.1,178.01
12497,1,1043.1,1043.1
12498,3,403.7,134.57
12500,11,4257.82,387.07
12501,1,2169.39,2169.39
12502,5,3723.87,744.77
12504,2,482.05,241.02
12506,1,73.5,73.5
12507,3,1304.81,434.94
12508,2,398.27,199.14
12509,1,176.5,176.5
12510,2,982.57,491.29
12512,2,138.03,69.02
12513,1,612.29,612.29
12514,1,1017.68,1017.68
12515,1,383.7,383.7
12516,2,1312.06,656.03
12517,5,2502.84,500.57
12518,5,2056.89,411.38
12519,1,340.84,340.84
12520,5,2634.26,526.85
12521,1,599.68,599.68
12522,2,192.72,96.36
12523,11,1789.77,162.71
12524,8,4485.72,560.72
12526,3,1316.66,438.89
12527,3,348.71,116.24
12528,6,1933.48,322.25
12530,4,1662.28,415.57
12531,1,125.22,125.22
12532,1,349.83,349.83
12534,1,1089.18,1089.18
12535,2,716.35,358.18
12536,3,12601.83,4200.61
12538,1,363.95,363.95
12539,4,5568.35,1392.09
12540,17,13400.24,788.25
12541,3,981.18,327.06
12544,1,372.7,372.7
12545,2,1000.39,500.2
12546,2,1161.5,580.75
12547,2,207.8,103.9
12548,1,95.2,95.2
12550,1,964.83,964.83
12551,1,168.0,168.0
12552,2,437.82,218.91
12553,10,3692.28,369.23
12556,2,603.71,301.85
12557,5,11990.96,2398.19
12558,1,269.96,269.96
12559,2,561.71,280.85
12560,3,2134.01,711.34
12561,1,238.85,238.85
12562,7,3781.74,540.25
12564,1,456.9,456.9
12565,1,145.92,145.92
12566,1,351.65,351.65
12567,10,9401.28,940.13
12569,32,4124.69,128.9
12571,2,519.61,259.81
12572,2,1020.42,510.21
12573,1,160.54,160.54
12574,1,218.45,218.45
12576,5,1315.83,263.17
12577,3,657.8,219.27
12578,2,2794.51,1397.25
12579,1,440.42,440.42
12580,1,415.7,415.7
12581,1,197.71,197.71
12582,2,511.36,255.68
12583,15,7281.38,485.43
12584,9,2338.15,259.79
12585,2,2040.1,1020.05
12586,1,196.94,196.94
12587,1,144.0,144.0
12588,1,214.9,214.9
12589,2,646.68,323.34
12590,2,9864.26,4932.13
12591,1,452.85,452.85
12592,2,437.6,218.8
12593,3,418.1,139.37
12594,10,3338.22,333.82
12596,2,618.27,309.14
12597,4,3811.22,952.81
12598,8,3023.08,377.89
12599,7,1032.58,147.51
12600,10,2599.04,259.9
12601,5,577.06,115.41
12602,1,153.12,153.12
12603,1,739.2,739.2
12604,2,254.18,127.09
12607,1,1579.51,1579.51
12609,3,1126.85,375.62
12610,5,2099.54,419.91
12611,1,1193.32,1193.32
12612,1,704.04,704.04
12613,5,3344.38,668.88
12614,1,315.6,315.6
12615,4,2291.19,572.8
12616,2,713.3,356.65
12617,1,355.53,355.53
12618,1,177.31,177.31
12619,9,3641.24,404.58
12620,3,1339.41,446.47
12621,20,13689.67,684.48
12622,1,180.1,180.1
12623,1,305.1,305.1
12624,2,641.13,320.57
12625,2,2683.82,1341.91
12626,9,6620.48,735.61
12627,7,4478.53,639.79
12628,3,786.46,262.15
12630,2,1270.88,635.44
12631,1,640.5,640.5
12633,4,2163.98,541.0
12635,2,1689.18,844.59
12637,8,6021.9,752.74
12638,1,671.69,671.69
12639,1,486.1,486.1
12640,3,1174.58,391.53
12641,1,185.9,185.9
12642,3,1013.26,337.75
12643,6,3344.64,557.44
12644,1,477.91,477.91
12645,4,1775.18,443.79
12646,2,1346.97,673.48
12647,12,3722.82,310.24
12648,1,318.05,318.05
12649,3,623.51,207.84
12650,1,314.44,314.44
12651,1,114.0,114.0
12652,1,919.98,919.98
12653,2,2209.85,1104.93
12654,5,601.98,120.4
12656,5,4051.17,810.23
12657,4,1643.18,410.8
12658,1,686.05,686.05
12659,1,91.68,91.68
12660,1,245.1,245.1
12662,11,3849.78,349.98
12664,9,4881.88,542.43
12665,1,63.0,63.0
12667,1,620.13,620.13
12668,4,3807.15,951.79
12669,3,2744.03,914.68
12670,5,2996.05,599.21
12672,1,225.9,225.9
12673,2,610.52,305.26
12674,4,1970.6,492.65
12676,6,1331.39,221.9
12678,12,17628.46,1469.04
12679,4,1113.02,278.26
12680,4,862.81,215.7
12681,22,13787.54,626.71
12682,31,12288.22,396.39
12683,15,8476.57,565.1
12684,7,2283.63,326.23
12685,6,2863.08,477.18
12686,1,89.14,89.14
12688,1,4873.81,4873.81
12689,2,1247.61,623.81
12690,1,389.01,389.01
12691,6,1035.8,172.63
12693,4,855.91,213.98
12694,2,869.67,434.83
12695,4,582.1,145.53
12697,3,957.59,319.2
12700,4,4939.99,1235.0
12701,2,797.71,398.86
12702,1,219.0,219.0
12703,1,283.55,283.55
12704,8,2340.84,292.61
12705,9,6868.29,763.14
12707,1,603.42,603.42
12708,10,2712.91,271.29
12709,15,9736.52,649.1
12710,3,1149.02,383.01
12712,13,4396.13,338.16
12713,1,848.55,848.55
12714,5,4708.86,941.77
12715,1,353.86,353.86
12716,2,1053.49,526.74
12717,2,1030.98,515.49
12718,1,238.25,238.25
12719,2,644.95,322.48
12720,25,5781.73,231.27
12721,6,2656.13,442.69
12722,4,997.63,249.41
12723,5,725.07,145.01
12724,4,1031.41,257.85
12725,1,427.8,427.8
12726,7,2609.1,372.73
12727,7,3980.7,568.67
12728,4,836.33,209.08
12729,1,453.01,453.01
12731,12,18895.91,1574.66
12732,1,236.26,236.26
12733,1,383.95,383.95
12734,1,110.4,110.4
12735,2,779.57,389.78
12736,1,234.0,234.0
12738,1,155.35,155.35
12739,2,1013.04,506.52
12740,1,427.6,427.6
12743,2,546.43,273.22
12744,7,21279.29,3039.9
12747,11,4196.01,381.46
12748,209,33719.73,161.34
12749,5,4090.88,818.18
12750,1,275.88,275.88
12752,1,4366.78,4366.78
12753,6,21429.39,3571.57
12754,3,3010.74,1003.58
12755,2,3811.95,1905.98
12756,1,112.08,112.08
12757,13,7857.1,604.39
12758,2,2791.59,1395.8
12759,3,1531.44,510.48
12762,2,1898.52,949.26
12763,2,494.08,247.04
12764,1,1693.88,1693.88
12766,7,6989.63,998.52
12769,1,1143.6,1143.6
12770,1,1351.45,1351.45
12772,1,892.47,892.47
12775,5,1386.04,277.21
12778,6,822.23,137.04
12779,8,3981.36,497.67
12781,2,826.74,413.37
12782,5,2330.92,466.18
12783,6,2225.91,370.98
12784,2,574.42,287.21
12785,1,311.95,311.95
12787,3,463.66,154.55
12789,1,91.85,91.85
12790,1,324.92,324.92
12791,1,192.6,192.6
12792,1,400.54,400.54
12793,2,545.48,272.74
12794,2,860.41,430.21
12795,1,430.48,430.48
12797,1,254.03,254.03
12798,3,6977.04,2325.68
12802,1,427.58,427.58
12808,3,483.65,161.22
12809,1,489.31,489.31
12811,3,514.85,171.62
12812,1,229.64,229.64
12814,1,125.92,125.92
12815,2,1063.46,531.73
12816,2,572.2,286.1
12817,1,166.04,166.04
12818,1,1542.08,1542.08
12820,4,942.34,235.59
12821,1,92.72,92.72
12822,2,948.88,474.44
12823,5,1759.5,351.9
12824,1,397.12,397.12
12826,7,1474.72,210.67
12827,3,430.15,143.38
12828,6,1018.71,169.79
12829,2,293.0,146.5
12830,6,6814.64,1135.77
12831,1,215.05,215.05
12832,2,383.03,191.52
12833,1,417.38,417.38
12834,1,312.38,312.38
12836,4,2612.86,653.22
12837,1,134.1,134.1
12838,2,683.13,341.56
12839,14,5591.42,399.39
12840,4,2726.77,681.69
12841,25,4022.35,160.89
12842,2,1118.99,559.5
12843,8,1702.26,212.78
12844,2,325.96,162.98
12845,4,354.09,88.52
12847,1,871.54,871.54
12849,2,1050.89,525.44
12851,1,135.18,135.18
12852,1,311.55,311.55
12853,6,1957.1,326.18
12854,3,1324.5,441.5
12855,1,38.1,38.1
12856,6,2179.93,363.32
12857,2,1106.4,553.2
12863,1,521.2,521.2
12864,1,147.12,147.12
12865,2,1568.23,784.11
12866,1,559.12,559.12
12867,7,4036.82,576.69
12868,6,1607.06,267.84
12871,2,380.64,190.32
12872,2,599.97,299.99
12873,1,374.0,374.0
12875,2,343.23,171.62
12876,2,2218.02,1109.01
12877,12,1535.77,127.98
12878,2,854.99,427.5
12879,3,573.22,191.07
12881,1,298.0,298.0
12882,2,1463.04,731.52
12883,4,703.47,175.87
12884,1,309.05,309.05
12885,3,1175.22,391.74
12886,2,1378.4,689.2
12888,2,354.12,177.06
12890,1,380.47,380.47
12891,3,331.0,110.33
12893,1,188.14,188.14
12895,2,372.8,186.4
12897,2,216.5,108.25
12901,28,17654.54,630.52
12902,1,138.68,138.68
12904,2,509.58,254.79
12906,5,2919.81,583.96
12908,2,750.0,375.0
12909,5,2178.67,435.73
12910,8,3075.04,384.38
12912,5,1662.3,332.46
12913,5,2483.63,496.73
12915,2,363.65,181.83
12916,4,3006.15,751.54
12917,1,594.0,594.0
12919,6,1335.19,222.53
12920,1,164.23,164.23
12921,37,16587.09,448.3
12922,1,405.38,405.38
12923,1,176.97,176.97
12924,4,933.7,233.43
12925,2,694.05,347.03
12928,5,2062.7,412.54
12929,1,117.85,117.85
12930,2,415.8,207.9
12931,15,42055.96,2803.73
12933,3,607.53,202.51
12935,7,2160.7,308.67
12936,4,1063.9,265.98
12937,4,1504.27,376.07
12938,1,114.14,114.14
12939,8,11581.8,1447.73
12940,2,913.54,456.77
12942,3,683.9,227.97
12944,2,604.51,302.26
12945,1,462.95,462.95
12947,6,1603.99,267.33
12948,7,2064.95,294.99
12949,8,4167.22,520.9
12950,3,1843.0,614.33
12951,6,1064.07,177.35
12952,4,1387.79,346.95
12953,1,329.85,329.85
12955,11,4757.16,432.47
12956,1,108.07,108.07
12957,8,4017.54,502.19
12962,2,266.39,133.2
12963,8,1856.63,232.08
12965,1,771.91,771.91
12966,1,160.18,160.18
12967,2,1660.9,830.45
12968,1,135.95,135.95
12970,4,452.24,113.06
12971,86,11189.91,130.12
12974,1,144.8,144.8
12976,1,738.6,738.6
12977,1,39.24,39.24
12980,9,7374.9,819.43
12981,2,372.22,186.11
12982,1,390.54,390.54
12984,1,97.5,97.5
12985,2,1239.38,619.69
12987,2,558.7,279.35
12988,1,535.32,535.32
12989,15,6924.11,461.61
12990,3,409.5,136.5
12991,2,503.76,251.88
12993,4,414.76,103.69
12994,3,974.42,324.81
12995,1,211.32,211.32
12997,4,1226.89,306.72
12999,3,455.88,151.96
13000,3,534.85,178.28
13001,13,9818.82,755.29
13002,1,120.95,120.95
13003,3,149.05,49.68
13004,18,5655.91,314.22
13005,2,513.7,256.85
13006,1,81.57,81.57
13008,1,229.47,229.47
13011,1,50.55,50.55
13012,8,1661.84,207.73
13013,13,4810.94,370.07
13014,10,3466.28,346.63
13015,5,3346.28,669.26
13016,3,789.89,263.3
13017,1,204.0,204.0
13018,28,7277.7,259.92
13021,9,2616.38,290.71
13023,2,689.9,344.95
13026,5,975.36,195.07
13027,6,6912.0,1152.0
13028,2,661.32,330.66
13029,3,1247.5,415.83
13030,2,799.48,399.74
13032,2,1010.18,505.09
13033,1,190.55,190.55
13034,2,642.77,321.39
13035,2,921.88,460.94
13037,3,881.07,293.69
13038,3,908.46,302.82
13040,2,676.99,338.5
13043,1,516.42,516.42
13044,1,560.47,560.47
13045,1,305.28,305.28
13046,2,629.31,314.66
13047,10,3237.54,323.75
13048,4,1835.91,458.98
13049,2,656.68,328.34
13050,17,5836.86,343.34
13052,1,348.15,348.15
13055,3,1214.41,404.8
13058,3,271.4,90.47
13059,1,183.4,183.4
13060,1,307.53,307.53
13061,1,248.61,248.61
13062,1,346.98,346.98
13064,4,1119.49,279.87
13065,1,205.86,205.86
13066,2,470.8,235.4
13067,1,115.46,115.46
13068,2,344.0,172.0
13069,24,4436.12,184.84
13070,1,228.8,228.8
13072,1,177.15,177.15
13075,1,919.61,919.61
13077,4,729.27,182.32
13078,26,12627.94,485.69
13079,5,220.1,44.02
13080,1,58.08,58.08
13081,11,28337.38,2576.13
13082,9,3613.63,401.51
13083,2,303.75,151.88
13085,2,416.08,208.04
13089,97,58825.83,606.45
13090,14,8910.82,636.49
13091,1,345.82,345.82
13092,5,477.83,95.57
13093,8,7832.47,979.06
13094,12,1927.32,160.61
13095,1,74.4,74.4
13097,10,6010.42,601.04
13098,28,28882.44,1031.52
13099,1,207.36,207.36
13101,1,101.19,101.19
13102,24,6424.09,267.67
13103,1,243.94,243.94
13104,6,1098.48,183.08
13106,1,76.5,76.5
13107,4,1531.62,382.91
13108,1,350.06,350.06
13109,2,786.54,393.27
13110,7,1488.67,212.67
13113,24,12245.96,510.25
13115,4,2294.78,573.7
13116,1,501.14,501.14
13117,8,984.91,123.11
13118,5,1197.81,239.56
13120,1,30.6,30.6
13121,1,283.73,283.73
13122,2,922.39,461.2
13124,3,3866.33,1288.78
13126,8,2099.64,262.46
13127,1,259.17,259.17
13130,1,64.0,64.0
13131,3,1073.3,357.77
13132,1,77.3,77.3
13133,2,109.8,54.9
13134,4,1793.58,448.4
13135,1,3096.0,3096.0
13136,5,2607.61,521.52
13137,8,3650.41,456.3
13138,6,962.39,160.4
13139,7,5064.94,723.56
13140,3,423.72,141.24
13141,5,2388.75,477.75
13142,1,307.09,307.09
13144,1,110.95,110.95
13145,4,618.52,154.63
13146,1,228.91,228.91
13147,4,712.8,178.2
13148,12,3707.12,308.93
13149,4,1676.06,419.02
13151,1,1257.87,1257.87
13153,1,486.22,486.22
13155,4,971.76,242.94
13157,4,1741.22,435.3
13158,4,1201.06,300.27
13159,4,1437.85,359.46
13160,1,91.8,91.8
13161,1,112.75,112.75
13162,4,1688.29,422.07
13165,2,1021.48,510.74
13166,1,417.2,417.2
13167,4,791.33,197.83
13168,4,1319.19,329.8
13169,2,712.88,356.44
13170,1,116.01,116.01
13171,3,468.41,156.14
13173,2,353.65,176.83
13174,3,2817.03,939.01
13176,1,492.84,492.84
13177,1,282.45,282.45
13178,11,5725.47,520.5
13182,1,121.18,121.18
13183,9,3957.78,439.75
13184,10,1701.29,170.13
13185,1,71.4,71.4
13186,3,1575.89,525.3
13187,1,236.02,236.02
13188,1,114.6,114.6
13189,2,260.68,130.34
13192,2,911.94,455.97
13193,1,117.88,117.88
13194,1,60.7,60.7
13196,4,1797.78,449.45
13198,6,3401.24,566.87
13199,38,9817.12,258.35
13200,4,870.09,217.52
13203,4,869.46,217.37
13207,2,250.26,125.13
13208,6,1223.9,203.98
13209,8,5891.61,736.45
13210,1,353.48,353.48
13211,3,1197.42,399.14
13212,3,788.08,262.69
13213,5,1520.58,304.12
13216,1,333.74,333.74
13217,3,533.98,177.99
13218,1,62.64,62.64
13220,4,819.29,204.82
13221,2,847.41,423.71
13223,2,163.2,81.6
13224,2,2155.95,1077.98
13225,7,6463.84,923.41
13226,1,108.21,108.21
13227,1,257.7,257.7
13228,1,358.0,358.0
13229,1,160.95,160.95
13230,14,2806.97,200.5
13232,7,1357.6,193.94
13233,2,605.12,302.56
13235,1,1031.07,1031.07
13236,2,744.85,372.42
13238,4,700.73,175.18
13239,1,329.56,329.56
13240,4,663.65,165.91
13242,3,270.4,90.13
13243,1,600.07,600.07
13244,1,121.74,121.74
13245,1,430.5,430.5
13246,6,1987.3,331.22
13247,4,501.12,125.28
13248,2,465.68,232.84
13249,3,711.41,237.14
13253,2,1030.4,515.2
13255,2,399.51,199.76
13258,3,698.58,232.86
13259,1,292.32,292.32
13260,1,557.62,557.62
13261,2,944.1,472.05
13262,1,200.29,200.29
13263,35,7454.07,212.97
13265,5,2107.66,421.53
13266,12,3834.26,319.52
13267,19,4521.49,237.97
13268,11,3214.69,292.24
13269,15,5346.23,356.42
13270,1,590.0,590.0
13271,1,217.38,217.38
13272,2,276.56,138.28
13273,1,138.98,138.98
13276,2,590.93,295.47
13277,4,258.4,64.6
13278,1,542.73,542.73
13279,1,137.75,137.75
13280,3,814.86,271.62
13282,3,1132.14,377.38
13283,2,93.66,46.83
13284,1,201.19,201.19
13285,4,2709.12,677.28
13291,1,361.11,361.11
13292,2,578.94,289.47
13294,2,873.74,436.87
13295,1,201.2,201.2
13296,1,87.4,87.4
13297,4,2089.85,522.46
13298,1,360.0,360.0
13299,1,142.5,142.5
13300,1,371.89,371.89
13301,4,618.09,154.52
13302,1,63.75,63.75
13304,1,300.42,300.42
13305,10,2000.86,200.09
13307,1,15.0,15.0
13308,3,1385.51,461.84
13309,5,1456.79,291.36
13310,3,1132.03,377.34
13311,2,598.57,299.29
13313,5,1555.32,311.06
13314,3,775.94,258.65
13316,4,5977.73,1494.43
13317,6,2273.68,378.95
13318,3,640.76,213.59
13319,26,10845.55,417.14
13320,4,1548.7,387.17
13321,2,567.36,283.68
13322,1,199.48,199.48
13323,5,787.85,157.57
13324,10,7121.95,712.2
13325,1,675.3,675.3
13327,8,3627.77,453.47
13328,1,1308.48,1308.48
13329,2,789.0,394.5
13330,3,1140.93,380.31
13332,1,350.9,350.9
13334,3,3536.82,1178.94
13336,1,795.12,795.12
13338,1,487.02,487.02
13339,1,860.12,860.12
13340,7,10736.48,1533.78
13341,1,775.85,775.85
13343,1,353.43,353.43
13344,3,2543.72,847.91
13345,1,389.5,389.5
13347,1,341.36,341.36
13348,1,233.76,233.76
13349,1,247.32,247.32
13350,2,979.12,489.56
13351,1,373.94,373.94
13352,1,397.98,397.98
13354,1,743.53,743.53
13355,1,674.7,674.7
13356,1,768.24,768.24
13357,1,609.95,609.95
13358,1,439.03,439.03
13359,1,439.56,439.56
13362,4,3090.74,772.69
13363,2,992.5,496.25
13364,1,134.96,134.96
13365,2,2225.37,1112.69
13366,1,56.16,56.16
13368,2,623.4,311.7
13369,1,308.28,308.28
13370,1,754.87,754.87
13372,1,378.64,378.64
13373,3,3312.25,1104.08
13375,1,778.65,778.65
13376,3,1019.76,339.92
13379,3,572.56,190.85
13381,6,3639.31,606.55
13382,1,222.99,222.99
13384,7,4151.93,593.13
13385,1,534.57,534.57
13388,2,677.1,338.55
13389,3,797.96,265.99
13390,1,544.08,544.08
13391,1,59.8,59.8
13394,8,2520.02,315.0
13395,1,307.72,307.72
13396,2,1360.99,680.49
13397,5,1544.13,308.83
13398,1,457.34,457.34
13402,2,621.23,310.62
13403,1,75.0,75.0
13404,2,252.49,126.24
13405,3,572.45,190.82
13408,62,28117.04,453.5
13410,5,1003.06,200.61
13411,1,213.55,213.55
13414,3,1390.5,463.5
13416,2,712.5,356.25
13417,2,640.83,320.42
13418,18,6127.43,340.41
13419,1,221.06,221.06
13420,2,159.85,79.93
13421,2,1851.08,925.54
13422,1,2626.3,2626.3
13425,3,1624.21,541.4
13426,10,3641.32,364.13
13427,3,582.6,194.2
13428,1,218.47,218.47
13429,4,1006.8,251.7
13430,2,679.45,339.73
13431,2,1269.1,634.55
13434,2,534.24,267.12
13435,7,3809.89,544.27
13436,1,196.89,196.89
13437,7,3408.06,486.87
13439,1,283.71,283.71
13441,1,296.64,296.64
13447,3,1129.14,376.38
13448,6,3539.37,589.9
13449,1,291.88,291.88
13450,6,2043.72,340.62
13451,5,2976.15,595.23
13452,2,590.0,295.0
13453,2,356.98,178.49
13455,2,1058.34,529.17
13456,6,1766.72,294.45
13458,14,9646.57,689.04
13460,2,183.44,91.72
13461,3,1445.0,481.67
13462,1,151.5,151.5
13464,1,674.68,674.68
13466,1,307.9,307.9
13467,2,1083.71,541.85
13468,37,5704.97,154.19
13470,2,165.0,82.5
13471,4,2531.58,632.9
13473,2,422.64,211.32
13474,1,229.59,229.59
13475,4,1431.78,357.94
13476,2,1238.47,619.24
13477,6,1454.58,242.43
13479,2,300.95,150.48
13481,5,1804.56,360.91
13482,1,184.64,184.64
13483,1,140.34,140.34
13484,1,313.8,313.8
13485,1,454.24,454.24
13486,3,1122.41,374.14
13487,3,575.4,191.8
13488,13,8968.31,689.87
13489,4,449.52,112.38
13491,10,1215.82,121.58
13492,3,1269.84,423.28
13493,2,618.63,309.32
13494,1,316.26,316.26
13495,5,2044.87,408.97
13496,2,653.33,326.67
13497,2,348.05,174.03
13499,5,1159.11,231.82
13500,3,1166.77,388.92
13501,1,1340.32,1340.32
13502,3,292.0,97.33
13503,1,216.85,216.85
13504,1,295.93,295.93
13505,4,4393.63,1098.41
13506,2,458.52,229.26
13507,4,2479.16,619.79
13508,1,110.97,110.97
13509,7,979.72,139.96
13510,4,1791.56,447.89
13512,1,251.21,251.21
13513,1,205.1,205.1
13514,1,152.2,152.2
13515,4,891.12,222.78
13516,3,1389.41,463.14
13517,3,2128.42,709.47
13518,1,659.44,659.44
13519,1,122.75,122.75
13520,6,3624.35,604.06
13521,3,1093.65,364.55
13522,1,125.8,125.8
13523,5,3964.88,792.98
13524,5,680.18,136.04
13525,2,628.78,314.39
13527,7,2287.51,326.79
13529,2,307.76,153.88
13531,2,483.8,241.9
13532,1,210.31,210.31
13533,3,270.79,90.26
13534,25,5870.08,234.8
13536,7,3448.29,492.61
13538,7,1280.85,182.98
13539,3,631.34,210.45
13544,2,291.41,145.71
13546,3,626.99,209.0
13548,2,682.41,341.2
13549,7,918.2,131.17
13551,1,91.8,91.8
13552,12,3740.07,311.67
13555,4,4149.28,1037.32
13557,2,584.06,292.03
13558,4,605.06,151.27
13560,1,174.37,174.37
13561,1,141.86,141.86
13562,3,1799.33,599.78
13563,2,777.53,388.77
13564,3,1749.02,583.01
13565,2,240.22,120.11
13566,2,874.71,437.35
13568,1,192.85,192.85
13569,2,373.75,186.88
13570,1,239.49,239.49
13571,12,2092.32,174.36
13572,1,1384.25,1384.25
13573,2,294.4,147.2
13575,5,732.07,146.41
13576,18,6717.34,373.19
13577,4,1687.6,421.9
13579,2,467.04,233.52
13581,1,118.0,118.0
13583,1,781.03,781.03
13584,1,142.4,142.4
13587,1,712.4,712.4
13588,9,2478.95,275.44
13589,2,379.65,189.83
13590,6,1981.92,330.32
13591,3,1117.13,372.38
13592,4,247.96,61.99
13593,5,2037.08,407.42
13594,1,396.97,396.97
13596,2,697.04,348.52
13598,1,180.17,180.17
13599,21,5153.67,245.41
13600,1,219.52,219.52
13601,2,693.32,346.66
13602,1,428.89,428.89
13603,1,164.34,164.34
13606,3,280.54,93.51
13607,1,678.01,678.01
13610,7,1131.88,161.7
13611,3,1171.8,390.6
13614,4,1610.46,402.62
13615,1,417.69,417.69
13617,3,544.18,181.39
13618,1,177.34,177.34
13621,1,213.85,213.85
13623,5,747.78,149.56
13626,1,257.23,257.23
13627,5,1638.47,327.69
13629,11,7792.36,708.4
13630,7,2031.78,290.25
13631,11,3070.42,279.13
13632,5,2121.27,424.25
13634,5,1575.16,315.03
13635,1,1071.03,1071.03
13636,5,949.12,189.82
13637,3,810.5,270.17
13638,1,122.64,122.64
13639,1,1033.34,1033.34
13642,1,354.8,354.8
13643,3,519.44,173.15
13644,4,2624.26,656.07
13645,1,252.1,252.1
13647,4,1678.12,419.53
13649,2,346.6,173.3
13650,6,1836.34,306.06
13651,2,94.2,47.1
13652,3,1095.08,365.03
13654,6,2707.33,451.22
13655,2,932.97,466.49
13656,2,379.65,189.83
13657,2,382.14,191.07
13658,5,2639.17,527.83
13659,2,1573.2,786.6
13662,3,897.76,299.25
13663,1,189.47,189.47
13666,3,84.65,28.22
13667,1,305.02,305.02
13668,21,6363.59,303.03
13669,2,218.55,109.27
13670,1,349.7,349.7
13672,2,186.39,93.2
13673,2,396.92,198.46
13675,2,486.82,243.41
13678,1,232.6,232.6
13680,4,3722.42,930.6
13681,4,827.83,206.96
13682,1,59.5,59.5
13684,1,67.23,67.23
13685,7,3119.44,445.63
13686,1,72.0,72.0
13689,1,910.0,910.0
13690,1,172.25,172.25
13692,3,1488.32,496.11
13694,50,65039.62,1300.79
13695,15,2504.13,166.94
13697,1,151.3,151.3
13699,1,308.58,308.58
13700,10,2265.12,226.51
13703,1,99.5,99.5
13704,9,2308.06,256.45
13705,3,711.86,237.29
13706,1,330.79,330.79
13707,2,806.41,403.2
13708,1,296.88,296.88
13709,13,6328.05,486.77
13710,1,180.48,180.48
13711,2,252.06,126.03
13712,1,228.84,228.84
13715,5,1079.34,215.87
13716,1,138.28,138.28
13717,6,1445.01,240.84
13718,2,306.55,153.28
13719,5,1041.68,208.34
13720,4,799.9,199.97
13721,1,524.14,524.14
13722,3,2375.41,791.8
13723,1,199.85,199.85
13725,8,1980.56,247.57
13726,2,1079.66,539.83
13727,2,333.48,166.74
13728,6,1016.14,169.36
13730,2,752.6,376.3
13731,2,610.59,305.29
13732,1,491.86,491.86
13735,4,2885.24,721.31
13736,2,731.9,365.95
13737,1,339.6,339.6
13739,1,216.9,216.9
13740,1,350.75,350.75
13741,3,668.43,222.81
13742,12,3131.02,260.92
13743,7,1341.6,191.66
13744,2,1156.36,578.18
13745,1,300.04,300.04
13747,1,79.6,79.6
13748,5,948.25,189.65
13750,5,1647.26,329.45
13751,1,296.25,296.25
13752,6,1186.28,197.71
13753,1,741.26,741.26
13754,2,282.6,141.3
13755,9,2161.35,240.15
13756,14,5189.52,370.68
13758,7,3190.55,455.79
13759,2,659.41,329.71
13760,2,286.79,143.39
13761,2,1070.65,535.33
13762,1,306.72,306.72
13763,1,1714.96,1714.96
13764,3,1521.76,507.25
13767,37,17220.36,465.42
13769,10,2796.51,279.65
13771,4,2634.45,658.61
13772,3,1132.13,377.38
13774,1,345.0,345.0
13777,33,25977.16,787.19
13778,1,178.7,178.7
13780,2,360.01,180.01
13781,1,127.84,127.84
13782,6,912.0,152.0
13784,11,2462.79,223.89
13786,1,230.4,230.4
13787,2,309.04,154.52
13790,1,348.8,348.8
13791,2,1516.0,758.0
13792,2,195.55,97.78
13798,57,37153.85,651.82
13799,2,688.86,344.43
13800,1,558.32,558.32
13801,1,324.8,324.8
13802,3,4599.42,1533.14
13803,1,277.07,277.07
13804,7,2635.79,376.54
13805,2,924.6,462.3
13806,1,256.38,256.38
13807,1,112.6,112.6
13808,5,1747.66,349.53
13809,1,155.05,155.05
13810,3,1499.01,499.67
13811,3,814.5,271.5
13812,3,539.0,179.67
13813,4,1366.86,341.72
13814,2,1579.12,789.56
13815,4,4027.36,1006.84
13816,2,571.67,285.84
13817,2,382.98,191.49
13819,3,1140.35,380.12
13821,2,385.64,192.82
13822,2,632.0,316.0
13823,2,957.66,478.83
13824,5,1698.94,339.79
13826,1,189.5,189.5
13827,3,412.05,137.35
13828,1,209.49,209.49
13831,6,2202.99,367.16
13832,1,52.2,52.2
13833,1,384.8,384.8
13835,4,834.57,208.64
13837,2,271.24,135.62
13838,4,691.73,172.93
13841,1,85.0,85.0
13842,9,3385.62,376.18
13844,1,361.62,361.62
13845,1,312.98,312.98
13846,3,865.06,288.35
13848,3,1255.0,418.33
13849,2,1537.95,768.97
13850,1,1595.48,1595.48
13851,3,2651.46,883.82
13853,1,1090.14,1090.14
13854,25,8109.52,324.38
13856,3,388.5,129.5
13858,1,216.17,216.17
13859,1,201.16,201.16
13860,5,1245.9,249.18
13862,8,2209.36,276.17
13863,1,305.78,305.78
13865,4,501.56,125.39
13866,1,145.67,145.67
13867,3,1015.29,338.43
13868,2,3192.54,1596.27
13869,4,3104.95,776.24
13870,8,2770.94,346.37
13871,13,6403.25,492.56
13873,3,389.6,129.87
13874,1,540.45,540.45
13875,5,1786.79,357.36
13876,1,122.7,122.7
13877,1,117.24,117.24
13878,1,1281.53,1281.53
13880,13,3219.77,247.67
13881,20,17159.52,857.98
13882,5,1191.13,238.23
13883,5,2674.48,534.9
13884,5,787.6,157.52
13885,2,506.8,253.4
13886,1,243.56,243.56
13887,1,349.55,349.55
13888,2,605.63,302.82
13889,1,416.9,416.9
13890,10,1883.81,188.38
13892,4,632.97,158.24
13893,1,821.1,821.1
13894,3,564.62,188.21
13895,4,2593.07,648.27
13897,1,311.16,311.16
13898,1,155.93,155.93
13899,2,388.52,194.26
13900,3,740.95,246.98
13901,5,2867.2,573.44
13904,2,332.64,166.32
13908,4,2369.55,592.39
13911,9,2580.91,286.77
13914,2,626.45,313.23
13917,2,272.04,136.02
13918,2,1212.84,606.42
13919,2,384.81,192.4
13922,1,172.25,172.25
13923,1,351.13,351.13
13924,6,1838.85,306.47
13925,4,678.25,169.56
13926,1,223.85,223.85
13927,1,348.99,348.99
13928,4,464.57,116.14
13929,2,842.65,421.33
13930,2,337.34,168.67
13931,2,1237.53,618.77
13932,1,307.4,307.4
13933,2,608.79,304.4
13934,1,922.1,922.1
13936,1,376.58,376.58
13937,1,158.85,158.85
13938,1,71.66,71.66
13939,3,568.55,189.52
13940,4,839.14,209.79
13941,5,5112.96,1022.59
13946,3,561.57,187.19
13947,1,90.6,90.6
13948,1,102.0,102.0
13949,6,2427.32,404.55
13950,4,745.06,186.27
13951,3,674.45,224.82
13952,2,3251.07,1625.54
13953,7,3515.68,502.24
13954,2,439.92,219.96
13955,2,322.96,161.48
13956,5,1026.42,205.28
13959,3,598.2,199.4
13960,2,230.22,115.11
13962,2,169.55,84.78
13963,4,664.54,166.14
13967,1,80.7,80.7
13969,18,9053.94,503.0
13971,8,2758.26,344.78
13972,2,190.25,95.13
13973,1,264.7,264.7
13974,1,413.59,413.59
13975,6,2526.28,421.05
13976,1,357.98,357.98
13978,2,196.79,98.4
13979,1,869.87,869.87
13980,1,200.14,200.14
13982,4,1871.81,467.95
13983,12,2603.43,216.95
13984,5,920.51,184.1
13985,15,7060.13,470.68
13986,1,320.46,320.46
13988,6,4147.96,691.33
13989,2,1266.08,633.04
13990,1,311.3,311.3
13991,6,855.97,142.66
13992,1,76.8,76.8
13993,9,3466.36,385.15
13994,6,2313.14,385.52
13995,5,1393.69,278.74
13999,12,3901.81,325.15
14000,1,635.66,635.66
14001,3,2043.08,681.03
14002,2,529.73,264.87
14004,7,4582.64,654.66
14005,5,2874.72,574.94
14006,3,962.19,320.73
14009,2,695.61,347.8
14012,1,328.8,328.8
14013,3,473.02,157.67
14014,1,505.18,505.18
14015,1,917.34,917.34
14016,4,4341.21,1085.3
14019,3,1421.61,473.87
14020,2,642.8,321.4
14021,3,631.9,210.63
14022,1,440.0,440.0
14023,2,584.07,292.04
14024,2,327.7,163.85
14027,1,104.82,104.82
14029,2,467.66,233.83
14030,8,2360.09,295.01
14031,19,17286.86,909.83
14032,11,2975.59,270.51
14034,3,651.82,217.27
14035,5,1428.02,285.6
14036,1,626.65,626.65
14037,2,147.2,73.6
14038,3,1560.38,520.13
14039,1,152.2,152.2
14040,12,3614.92,301.24
14041,1,141.41,141.41
14044,4,652.82,163.21
14045,4,1659.75,414.94
14046,1,154.99,154.99
14047,5,1308.61,261.72
14048,1,409.93,409.93
14049,4,5681.72,1420.43
14050,2,746.36,373.18
14051,23,15610.39,678.71
14052,1,225.36,225.36
14053,2,260.25,130.13
14054,1,92.46,92.46
14055,1,725.64,725.64
14056,23,8214.65,357.16
14057,17,6217.96,365.76
14059,1,183.6,183.6
14060,19,6140.42,323.18
14062,12,10464.85,872.07
14064,5,1353.74,270.75
14066,1,152.55,152.55
14067,2,374.7,187.35
14068,1,265.85,265.85
14071,8,1438.82,179.85
14073,1,151.04,151.04
14075,3,942.26,314.09
14076,1,122.47,122.47
14077,5,499.42,99.88
14078,6,1049.37,174.89
14079,1,375.1,375.1
14080,1,45.6,45.6
14081,2,934.52,467.26
14082,1,182.25,182.25
14083,9,1018.43,113.16
14085,18,4448.54,247.14
14087,1,194.42,194.42
14088,13,50491.81,3883.99
14089,1,161.0,161.0
14090,1,76.32,76.32
14092,14,4076.91,291.21
14093,1,442.85,442.85
14096,17,65164.79,3833.22
14098,1,147.35,147.35
14099,11,3104.17,282.2
14100,1,194.9,194.9
14101,6,5976.79,996.13
14102,5,1360.28,272.06
14104,2,216.21,108.11
14105,1,1266.23,1266.23
14107,7,2703.23,386.18
14108,2,597.91,298.96
14109,1,144.2,144.2
14110,12,5683.15,473.6
14111,4,692.85,173.21
14112,7,2915.15,416.45
14113,4,1840.42,460.11
14114,2,386.53,193.27
14116,5,1382.74,276.55
14117,1,90.0,90.0
14121,4,2780.15,695.04
14124,1,419.58,419.58
14125,3,2740.43,913.48
14126,3,706.13,235.38
14127,3,709.71,236.57
14128,2,637.5,318.75
14129,5,1123.86,224.77
14130,1,483.86,483.86
14132,11,3586.03,326.0
14133,3,605.64,201.88
14135,15,4690.31,312.69
14138,2,982.38,491.19
14139,1,415.82,415.82
14140,2,935.05,467.52
14141,4,915.13,228.78
14142,1,311.81,311.81
14143,1,115.8,115.8
14145,4,3742.2,935.55
14146,5,4191.0,838.2
14147,2,483.4,241.7
14148,1,157.2,157.2
14149,1,446.62,446.62
14150,2,658.64,329.32
14152,2,621.29,310.65
14154,2,1345.62,672.81
14155,1,118.75,118.75
14156,55,117379.63,2134.18
14157,2,432.88,216.44
14158,1,507.66,507.66
14159,11,4693.01,426.64
14161,3,1110.52,370.17
14162,2,289.36,144.68
14163,4,2445.91,611.48
14164,2,1631.77,815.89
14165,1,122.54,122.54
14167,4,574.84,143.71
14171,1,363.79,363.79
14173,4,450.84,112.71
14174,1,134.46,134.46
14175,3,3222.3,1074.1
14176,4,576.9,144.23
14177,4,559.41,139.85
14178,7,1620.93,231.56
14179,2,719.78,359.89
14180,25,4748.52,189.94
14184,1,452.89,452.89
14185,1,197.65,197.65
14188,6,2054.36,342.39
14189,15,4654.08,310.27
14191,13,4684.76,360.37
14193,2,853.39,426.69
14194,21,11349.52,540.45
14195,2,1012.0,506.0
14196,1,335.52,335.52
14198,4,701.4,175.35
14199,1,185.4,185.4
14201,7,747.44,106.78
14204,1,161.03,161.03
14205,2,466.7,233.35
14206,1,328.16,328.16
14208,1,151.74,151.74
14209,6,2073.43,345.57
14210,6,1905.84,317.64
14211,9,2241.1,249.01
14212,1,1070.48,1070.48
14214,5,1004.38,200.88
14215,6,1789.72,298.29
14216,4,1839.3,459.82
14217,17,2004.98,117.94
14218,1,169.48,169.48
14219,1,89.94,89.94
14220,2,632.4,316.2
14221,9,3432.8,381.42
14222,1,683.17,683.17
14223,3,991.13,330.38
14224,4,1050.12,262.53
14226,5,2232.19,446.44
14227,10,3350.96,335.1
14229,3,1547.2,515.73
14231,3,925.71,308.57
14232,5,2048.07,409.61
14233,4,1462.72,365.68
14234,4,775.46,193.87
14235,5,3144.86,628.97
14236,2,490.86,245.43
14237,1,161.0,161.0
14238,1,146.85,146.85
14239,11,2380.85,216.44
14240,2,890.34,445.17
14241,1,213.7,213.7
14242,2,280.55,140.27
14243,10,2588.77,258.88
14245,2,1693.45,846.72
14246,3,1474.06,491.35
14247,1,136.77,136.77
14248,1,302.58,302.58
14250,3,1904.05,634.68
14251,5,2879.7,575.94
14256,2,969.06,484.53
14257,5,3099.72,619.94
14258,9,12669.98,1407.78
14259,1,120.0,120.0
14261,2,1163.45,581.72
14262,8,2618.23,327.28
14264,2,333.97,166.99
14265,2,530.18,265.09
14267,3,1516.24,505.41
14270,1,492.65,492.65
14271,1,112.32,112.32
14272,2,437.96,218.98
14273,4,559.97,139.99
14276,3,1119.74,373.25
14277,3,4216.2,1405.4
14280,1,134.04,134.04
14282,15,3729.34,248.62
14284,2,595.25,297.63
14285,4,1910.01,477.5
14286,3,4628.75,1542.92
14287,3,176.63,58.88
14288,1,426.6,426.6
14289,6,911.26,151.88
14290,5,2314.65,462.93
14291,11,3883.25,353.02
14292,9,4871.93,541.33
14293,4,1046.56,261.64
14295,1,166.2,166.2
14297,4,1305.33,326.33
14298,44,51527.3,1171.07
14299,9,3965.62,440.62
14300,1,43.2,43.2
14301,1,640.14,640.14
14304,1,383.45,383.45
14305,3,1858.96,619.65
14306,2,2093.32,1046.66
14307,6,2995.72,499.29
14309,9,2352.53,261.39
14311,1,310.26,310.26
14312,6,1611.59,268.6
14314,1,120.0,120.0
14315,6,2481.13,413.52
14317,1,508.58,508.58
14320,2,477.79,238.9
14321,5,1530.75,306.15
14323,2,605.06,302.53
14326,1,183.85,183.85
14327,1,311.65,311.65
14329,7,5014.84,716.41
14331,2,462.66,231.33
14332,3,866.31,288.77
14333,1,415.2,415.2
14334,8,2552.21,319.03
14335,2,468.26,234.13
14336,4,1614.91,403.73
14338,2,588.22,294.11
14339,1,309.52,309.52
14340,1,134.7,134.7
14341,8,2182.28,272.79
14342,4,668.56,167.14
14344,8,889.93,111.24
14345,1,108.98,108.98
14346,2,1021.58,510.79
14348,1,409.57,409.57
14349,1,133.5,133.5
14350,1,282.93,282.93
14351,1,51.0,51.0
14352,4,1078.96,269.74
14353,1,90.6,90.6
14354,2,163.62,81.81
14355,1,174.4,174.4
14356,2,701.23,350.61
14357,1,225.77,225.77
14359,3,912.18,304.06
14360,4,2128.23,532.06
14362,1,161.2,161.2
14364,8,3717.35,464.67
14367,16,9261.52,578.85
14368,1,155.0,155.0
14371,1,100.5,100.5
14373,1,76.55,76.55
14375,1,257.68,257.68
14377,2,617.05,308.53
14379,2,348.1,174.05
14381,1,202.68,202.68
14382,1,626.07,626.07
14383,3,1247.69,415.9
14385,3,202.11,67.37
14386,1,142.4,142.4
14387,3,1770.56,590.19
14388,8,3212.84,401.61
14389,2,1043.46,521.73
14390,9,4652.82,516.98
14393,1,67.95,67.95
14395,9,3507.71,389.75
14396,2,487.99,243.99
14397,19,2612.96,137.52
14400,1,574.7,574.7
14401,13,4051.48,311.65
14403,4,1475.81,368.95
14404,6,1474.32,245.72
14406,1,156.75,156.75
14407,6,2157.73,359.62
14408,7,2606.53,372.36
14409,6,2059.45,343.24
14410,9,1105.07,122.79
14411,1,1063.0,1063.0
14412,2,770.03,385.02
14413,1,122.7,122.7
14414,7,1496.98,213.85
14415,13,5900.28,453.87
14416,2,490.22,245.11
14418,3,1937.25,645.75
14419,6,1058.06,176.34
14420,1,387.52,387.52
14421,2,813.11,406.55
14422,6,4263.64,710.61
14423,1,265.2,265.2
14424,1,322.08,322.08
14426,10,4481.67,448.17
14427,2,363.34,181.67
14428,5,1244.83,248.97
14431,1,470.36,470.36
14432,6,2255.51,375.92
14434,6,1372.8,228.8
14436,1,89.06,89.06
14437,1,63.0,63.0
14438,1,131.9,131.9
14439,1,2661.24,2661.24
14440,5,2357.68,471.54
14441,4,1712.89,428.22
14442,2,1589.82,794.91
14443,4,1420.2,355.05
14446,4,1039.58,259.9
14447,5,1163.23,232.65
14448,2,375.35,187.68
14449,4,907.1,226.77
14450,3,483.25,161.08
14451,2,662.59,331.29
14452,2,264.44,132.22
14453,1,119.93,119.93
14456,9,3062.4,340.27
14457,1,113.64,113.64
14459,1,1837.92,1837.92
14460,3,434.34,144.78
14461,3,2103.06,701.02
14462,11,2004.02,182.18
14463,3,529.62,176.54
14465,3,1058.62,352.87
14466,7,2272.4,324.63
14467,4,598.76,149.69
14470,2,461.19,230.59
14472,8,1936.84,242.1
14473,2,234.34,117.17
14474,1,547.66,547.66
14475,3,925.85,308.62
14476,1,215.7,215.7
14477,4,1309.6,327.4
14479,2,316.25,158.13
14480,1,279.05,279.05
14481,2,636.51,318.26
14482,6,2068.15,344.69
14483,1,137.1,137.1
14484,1,321.92,321.92
14485,1,165.75,165.75
14487,6,1196.33,199.39
14488,1,1064.28,1064.28
14489,1,463.38,463.38
14491,2,340.93,170.47
14493,5,2383.24,476.65
14494,1,139.56,139.56
14495,2,123.8,61.9
14496,2,538.81,269.41
14497,1,475.37,475.37
14498,5,1957.32,391.46
14499,3,815.32,271.77
14500,3,356.85,118.95
14501,2,251.21,125.61
14502,11,2470.67,224.61
14503,6,3543.26,590.54
14504,4,673.26,168.32
14505,8,5905.64,738.21
14506,5,2012.17,402.43
14507,6,1383.18,230.53
14508,2,276.42,138.21
14511,5,1314.81,262.96
14512,2,275.28,137.64
14513,3,455.59,151.86
14514,3,1055.35,351.78
14515,6,2102.09,350.35
14517,2,330.45,165.23
14518,1,174.37,174.37
14520,2,270.6,135.3
14522,4,974.54,243.64
14523,1,241.09,241.09
14524,9,1867.68,207.52
14525,9,4332.2,481.36
14527,55,8508.82,154.71
14528,1,364.22,364.22
14529,3,620.04,206.68
14530,6,2925.91,487.65
14532,4,932.85,233.21
14533,7,1949.72,278.53
14534,18,4447.05,247.06
14535,3,2864.19,954.73
14536,1,171.8,171.8
14537,1,355.56,355.56
14538,2,388.25,194.12
14539,2,537.48,268.74
14540,3,996.26,332.09
14541,8,1461.65,182.71
14542,1,103.25,103.25
14543,16,3630.33,226.9
14544,2,2024.45,1012.23
14546,5,2578.09,515.62
14547,8,4007.54,500.94
14548,2,652.8,326.4
14549,1,289.24,289.24
14550,2,765.62,382.81
14551,2,186.23,93.12
14552,1,165.07,165.07
14553,5,859.27,171.85
14554,4,2381.04,595.26
14555,2,324.14,162.07
14557,1,788.38,788.38
14560,22,2237.77,101.72
14561,3,1080.76,360.25
14562,18,5074.77,281.93
14565,4,3099.12,774.78
14566,1,1432.0,1432.0
14567,2,1530.36,765.18
14569,1,227.39,227.39
14570,2,218.06,109.03
14572,7,2832.84,404.69
14573,9,1653.42,183.71
14576,1,35.4,35.4
14577,4,859.71,214.93
14578,1,168.63,168.63
14581,1,138.6,138.6
14582,1,114.11,114.11
14583,5,1052.55,210.51
14584,4,1042.26,260.56
14585,1,157.05,157.05
14586,1,237.36,237.36
14587,9,1601.14,177.9
14589,1,39.75,39.75
14591,4,1447.14,361.78
14592,3,570.46,190.15
14593,3,617.99,206.0
14594,2,379.83,189.92
14595,6,1740.6,290.1
14597,2,883.15,441.58
14598,1,221.97,221.97
14600,1,393.33,393.33
14601,1,213.96,213.96
14603,1,660.0,660.0
14606,93,12156.65,130.72
14607,14,16569.5,1183.54
14608,4,1785.15,446.29
14609,4,601.56,150.39
14616,3,406.08,135.36
14618,3,553.44,184.48
14619,1,394.44,394.44
14620,2,412.78,206.39
14621,5,1788.36,357.67
14622,1,320.58,320.58
14623,5,889.25,177.85
14624,2,225.85,112.92
14625,2,899.63,449.82
14626,4,2791.27,697.82
14628,2,671.96,335.98
14629,2,959.01,479.5
14631,3,1006.98,335.66
14632,1,114.56,114.56
14633,1,344.9,344.9
14636,2,609.85,304.93
14638,1,443.6,443.6
14639,6,2984.49,497.42
14640,6,2125.08,354.18
14641,1,110.46,110.46
14642,1,96.12,96.12
14643,2,693.81,346.91
14644,2,830.76,415.38
14645,2,597.09,298.55
14646,73,280206.02,3838.44
14647,1,243.22,243.22
14649,4,1417.29,354.32
14651,2,654.6,327.3
14652,1,114.18,114.18
14653,7,1947.55,278.22
14655,4,1932.23,483.06
14656,2,291.05,145.53
14657,4,848.22,212.05
14658,2,247.15,123.58
14659,9,2529.93,281.1
14660,2,285.74,142.87
14661,1,107.95,107.95
14662,4,771.17,192.79
14664,2,637.89,318.95
14665,5,1835.7,367.14
14666,1,195.25,195.25
14667,25,9241.2,369.65
14669,3,1269.99,423.33
14670,2,411.53,205.77
14672,2,765.55,382.78
14673,5,1736.4,347.28
14675,1,604.75,604.75
14676,6,2548.24,424.71
14680,16,28754.11,1797.13
14681,3,498.95,166.32
14682,2,52.0,26.0
14684,5,1236.28,247.26
14687,1,628.38,628.38
14688,21,5630.87,268.14
14689,1,112.8,112.8
14690,2,371.7,185.85
14691,5,2114.33,422.87
14692,4,591.55,147.89
14693,1,172.9,172.9
14696,7,2078.95,296.99
14697,2,188.61,94.31
14698,5,1250.76,250.15
14699,1,109.13,109.13
14700,3,2235.3,745.1
14701,9,2549.37,283.26
14702,17,3292.14,193.66
14703,1,318.17,318.17
14704,9,1546.91,171.88
14705,1,179.0,179.0
14708,3,1126.37,375.46
14709,13,4921.04,378.54
14710,4,606.13,151.53
14711,11,2868.8,260.8
14712,3,917.07,305.69
14713,11,2666.36,242.4
14714,1,160.19,160.19
14715,4,867.38,216.84
14716,2,329.68,164.84
14719,5,1602.13,320.43
14720,3,663.81,221.27
14722,1,187.92,187.92
14723,6,1158.3,193.05
14725,1,718.08,718.08
14727,1,268.58,268.58
14729,1,313.49,313.49
14730,8,2005.06,250.63
14731,3,380.02,126.67
14732,8,2702.49,337.81
14733,12,9585.91,798.83
14735,32,6065.69,189.55
14737,3,1164.55,388.18
14738,7,1314.45,187.78
14739,7,3902.28,557.47
14740,3,1448.21,482.74
14741,6,1400.34,233.39
14744,7,1099.98,157.14
14745,5,1220.26,244.05
14747,1,328.2,328.2
14748,5,1415.75,283.15
14752,1,389.64,389.64
14753,1,563.15,563.15
14754,2,638.05,319.03
14755,11,5010.28,455.48
14756,1,738.96,738.96
14757,1,420.5,420.5
14758,4,1484.06,371.02
14759,3,1625.97,541.99
14760,1,89.2,89.2
14761,2,255.9,127.95
14762,1,300.52,300.52
14764,1,278.3,278.3
14765,3,254.11,84.7
14766,6,2473.37,412.23
14768,2,192.6,96.3
14769,8,10674.75,1334.34
14770,2,876.42,438.21
14772,1,139.26,139.26
14775,3,1011.9,337.3
14776,11,2538.3,230.75
14778,2,730.86,365.43
14779,3,386.15,128.72
14780,2,447.68,223.84
14782,1,200.1,200.1
14784,2,289.99,145.0
14785,2,77.4,38.7
14788,2,679.44,339.72
14789,1,197.64,197.64
14790,4,745.06,186.27
14792,1,6.2,6.2
14793,1,228.99,228.99
14794,7,1319.91,188.56
14795,1,131.45,131.45
14796,17,8022.49,471.91
14798,3,173.74,57.91
14799,1,157.7,157.7
14800,12,4339.74,361.65
14801,1,193.14,193.14
14803,3,845.55,281.85
14804,1,353.27,353.27
14805,4,554.65,138.66
14806,1,193.39,193.39
14808,8,2741.17,342.65
14810,11,2087.88,189.81
14813,2,155.43,77.72
14815,2,778.5,389.25
14816,1,271.85,271.85
14817,2,1110.34,555.17
14818,3,657.8,219.27
14819,2,272.07,136.04
14820,4,507.29,126.82
14821,1,48.8,48.8
14823,3,321.43,107.14
14824,4,1127.71,281.93
14825,12,2226.91,185.58
14828,3,2139.76,713.25
14829,4,697.55,174.39
14830,1,197.13,197.13
14834,6,1720.3,286.72
14836,3,102.45,34.15
14837,4,1649.5,412.38
14840,1,62.85,62.85
14841,6,3295.76,549.29
14842,4,2824.69,706.17
14844,4,3189.81,797.45
14847,1,309.4,309.4
14849,25,7930.54,317.22
14850,1,325.75,325.75
14851,2,511.35,255.67
14852,6,2836.69,472.78
14853,2,475.8,237.9
14854,7,2759.83,394.26
14855,2,645.65,322.83
14856,3,1311.38,437.13
14857,2,1173.12,586.56
14859,4,1353.74,338.43
14860,1,170.32,170.32
14861,1,125.79,125.79
14862,2,841.2,420.6
14863,1,266.76,266.76
14865,2,52.2,26.1
14866,12,14389.9,1199.16
14867,3,710.28,236.76
14868,8,2953.59,369.2
14869,2,725.7,362.85
14870,1,327.25,327.25
14871,4,522.38,130.6
14873,1,519.68,519.68
14875,2,1465.32,732.66
14878,9,1485.54,165.06
14880,3,706.19,235.4
14881,1,255.4,255.4
14882,2,589.7,294.85
14883,6,761.59,126.93
14885,1,765.32,765.32
14886,1,364.8,364.8
14887,1,1862.0,1862.0
14888,1,369.2,369.2
14889,1,135.9,135.9
14890,1,125.65,125.65
14891,2,554.38,277.19
14893,2,1237.85,618.93
14894,1,655.75,655.75
14895,20,11138.71,556.94
14896,2,468.77,234.39
14897,4,1366.38,341.6
14898,6,1303.52,217.25
14901,9,1421.29,157.92
14902,1,332.66,332.66
14903,5,2810.63,562.13
14904,2,1025.44,512.72
14905,2,616.15,308.08
14907,7,3501.1,500.16
14908,1,277.8,277.8
14910,4,434.35,108.59
14911,201,143825.06,715.55
14912,2,867.85,433.92
14913,4,1227.43,306.86
14915,2,307.48,153.74
14916,4,1268.98,317.24
14918,2,1610.15,805.08
14920,2,977.77,488.89
14921,2,1316.07,658.04
14923,1,749.1,749.1
14924,1,310.05,310.05
14929,1,223.88,223.88
14930,3,2372.86,790.95
14931,5,1257.68,251.54
14932,1,363.53,363.53
14934,2,1890.94,945.47
14935,1,1784.71,1784.71
14936,8,8137.02,1017.13
14937,3,1621.88,540.63
14944,12,5900.25,491.69
14946,1,100.9,100.9
14947,2,290.82,145.41
14948,6,1101.97,183.66
14950,1,371.2,371.2
14951,1,311.69,311.69
14952,11,8099.49,736.32
14953,1,289.82,289.82
14954,1,336.17,336.17
14957,1,58.49,58.49
14958,3,499.68,166.56
14959,4,695.42,173.86
14960,2,221.27,110.64
14961,9,7044.68,782.74
14962,1,126.7,126.7
14963,5,1487.8,297.56
14964,1,206.21,206.21
14965,2,599.0,299.5
14966,1,191.32,191.32
14967,1,463.8,463.8
14968,1,147.59,147.59
14970,4,1592.06,398.02
14971,3,1116.57,372.19
14972,1,114.77,114.77
14973,3,1314.45,438.15
14974,1,114.39,114.39
14975,1,279.94,279.94
14976,7,790.86,112.98
14978,5,1931.42,386.28
14981,1,102.12,102.12
14984,2,213.27,106.64
14985,2,296.75,148.37
14987,2,326.4,163.2
14988,1,334.54,334.54
14995,2,233.23,116.62
14997,3,546.2,182.07
14998,2,429.87,214.94
15000,1,490.52,490.52
15002,4,1641.76,410.44
15004,1,1246.32,1246.32
15005,28,6316.57,225.59
15006,1,502.09,502.09
15007,1,156.91,156.91
15009,3,1261.78,420.59
15010,1,308.94,308.94
15012,2,423.04,211.52
15014,2,260.17,130.08
15016,1,170.04,170.04
15017,1,125.58,125.58
15018,3,496.21,165.4
15019,1,266.0,266.0
15021,9,1914.82,212.76
15022,4,905.04,226.26
15023,11,6802.76,618.43
15024,10,1661.33,166.13
15025,1,377.01,377.01
15026,3,469.0,156.33
15027,4,1066.15,266.54
15028,4,627.13,156.78
15030,2,518.28,259.14
15031,4,668.14,167.04
15032,3,4959.1,1653.03
15033,10,2586.67,258.67
15034,8,4308.61,538.58
15035,1,252.73,252.73
15036,3,465.55,155.18
15038,6,705.49,117.58
15039,47,19914.44,423.71
15041,1,180.35,180.35
15042,1,135.93,135.93
15043,1,537.0,537.0
15044,17,7700.23,452.95
15045,2,735.66,367.83
15046,15,5213.77,347.58
15047,1,343.62,343.62
15048,4,384.05,96.01
15049,1,121.17,121.17
15050,3,1782.09,594.03
15051,3,1391.61,463.87
15052,1,215.78,215.78
15053,3,697.79,232.6
15054,2,302.1,151.05
15057,2,1489.5,744.75
15058,11,2124.99,193.18
15059,9,1337.72,148.64
15060,4,303.09,75.77
15061,48,54534.14,1136.13
15062,4,987.86,246.97
15063,1,370.8,370.8
15065,4,3158.13,789.53
15066,1,893.59,893.59
15067,3,1744.76,581.59
15068,2,553.36,276.68
15069,1,1109.53,1109.53
15070,1,106.2,106.2
15071,2,982.07,491.03
15073,3,1043.41,347.8
15074,1,748.87,748.87
15075,1,773.03,773.03
15076,1,880.85,880.85
15078,32,9743.11,304.47
15079,4,895.61,223.9
15081,5,504.8,100.96
15083,1,88.2,88.2
15087,1,306.94,306.94
15088,2,1160.07,580.04
15089,6,2420.84,403.47
15090,1,381.32,381.32
15091,1,480.71,480.71
15092,2,457.81,228.91
15093,6,4597.02,766.17
15095,4,1370.6,342.65
15096,1,219.39,219.39
15097,1,248.08,248.08
15098,3,39916.5,13305.5
15099,1,410.48,410.48
15100,3,876.0,292.0
15101,2,317.53,158.77
15103,2,703.36,351.68
15104,2,1027.44,513.72
15105,7,2298.93,328.42
15106,5,1422.52,284.5
15107,6,319.5,53.25
15108,4,1300.25,325.06
15109,1,484.95,484.95
15110,4,996.1,249.03
15111,3,1567.48,522.49
15113,3,3609.33,1203.11
15114,10,2760.56,276.06
15115,1,340.11,340.11
15116,4,1352.75,338.19
15117,5,1551.78,310.36
15118,1,244.8,244.8
15119,1,266.4,266.4
15120,1,358.82,358.82
15121,2,457.72,228.86
15122,3,1633.78,544.59
15123,2,2199.31,1099.65
15124,2,184.19,92.1
15125,15,11528.48,768.57
15127,1,406.53,406.53
15128,4,1471.0,367.75
15129,11,3447.4,313.4
15130,1,330.11,330.11
15132,5,977.93,195.59
15133,3,982.42,327.47
15134,8,1387.99,173.5
15135,1,139.05,139.05
15136,4,1286.7,321.68
15139,2,178.96,89.48
15140,7,2354.25,336.32
15142,1,498.74,498.74
15143,1,259.45,259.45
15144,17,6580.44,387.08
15145,4,1194.73,298.68
15146,2,1327.16,663.58
15147,1,623.5,623.5
15148,1,301.29,301.29
15149,1,520.8,520.8
15150,10,5314.47,531.45
15152,13,4745.69,365.05
15153,1,329.25,329.25
15154,1,296.42,296.42
15156,3,961.49,320.5
15157,3,1936.07,645.36
15158,1,401.4,401.4
15159,30,18641.01,621.37
15160,1,158.16,158.16
15163,2,304.47,152.24
15164,3,843.05,281.02
15165,1,487.75,487.75
15167,1,163.0,163.0
15168,1,106.56,106.56
15171,1,1289.5,1289.5
15172,5,1624.05,324.81
15174,1,135.75,135.75
15175,1,224.14,224.14
15178,1,40.5,40.5
15179,5,2206.95,441.39
15180,1,87.5,87.5
15181,3,689.48,229.83
15182,2,622.85,311.43
15184,2,406.76,203.38
15185,1,310.62,310.62
15186,2,411.41,205.7
15187,16,4777.18,298.57
15189,41,16225.39,395.74
15192,3,1044.32,348.11
15193,1,499.32,499.32
15194,15,7616.53,507.77
15195,1,3861.0,3861.0
15197,3,1079.61,359.87
15198,2,193.64,96.82
15199,4,1268.7,317.18
15201,5,1236.54,247.31
15203,6,1827.8,304.63
15204,1,316.58,316.58
15205,2,653.24,326.62
15206,4,420.3,105.07
15208,5,870.12,174.02
15210,1,331.18,331.18
15211,2,894.41,447.21
15212,1,101.8,101.8
15213,2,328.35,164.17
15214,8,1661.44,207.68
15215,3,734.94,244.98
15216,1,96.6,96.6
15218,11,5756.89,523.35
15219,1,305.75,305.75
15220,6,1778.96,296.49
15221,1,403.25,403.25
15222,1,585.0,585.0
15223,2,755.75,377.88
15224,2,322.08,161.04
15225,1,409.4,409.4
15226,1,154.41,154.41
15227,5,1219.4,243.88
15228,4,3386.71,846.68
15230,2,429.6,214.8
15232,2,612.06,306.03
15234,1,197.0,197.0
15235,12,2247.51,187.29
15236,1,321.05,321.05
15237,4,1412.32,353.08
15238,3,1071.99,357.33
15239,2,780.59,390.3
15240,5,1706.57,341.31
15241,8,1756.44,219.56
15243,1,316.68,316.68
15244,2,631.57,315.79
15245,3,2515.84,838.61
15246,2,514.15,257.08
15247,1,356.0,356.0
15249,13,6688.46,514.5
15251,11,10484.99,953.18
15252,2,740.78,370.39
15253,5,918.2,183.64
15254,1,300.36,300.36
15255,1,890.85,890.85
15256,1,98.45,98.45
15257,1,317.15,317.15
15258,2,623.16,311.58
15260,7,1810.77,258.68
15261,1,254.82,254.82
15262,1,178.95,178.95
15263,1,156.51,156.51
15264,1,393.74,393.74
15265,2,1506.12,753.06
15266,1,119.3,119.3
15267,5,1717.36,343.47
15269,1,408.8,408.8
15270,7,2379.49,339.93
15271,15,2507.07,167.14
15272,2,721.94,360.97
15274,2,716.57,358.28
15275,1,615.14,615.14
15276,1,135.31,135.31
15277,1,255.9,255.9
15279,1,290.51,290.51
15280,1,113.12,113.12
15281,9,2332.15,259.13
15286,1,240.55,240.55
15287,2,486.69,243.35
15288,5,2306.52,461.3
15289,3,939.78,313.26
15290,18,7943.22,441.29
15291,15,4668.3,311.22
15292,1,180.94,180.94
15296,6,3672.86,612.14
15297,3,641.94,213.98
15298,12,4799.9,399.99
15299,7,4507.01,643.86
15300,1,496.44,496.44
15301,12,5070.35,422.53
15303,1,574.02,574.02
15304,8,694.4,86.8
15306,3,1174.35,391.45
15307,1,205.3,205.3
15308,1,310.47,310.47
15311,91,60767.9,667.78
15312,4,924.85,231.21
15313,1,52.0,52.0
15314,1,327.97,327.97
15315,2,570.5,285.25
15316,1,165.0,165.0
15318,1,312.62,312.62
15319,1,204.5,204.5
15320,1,267.13,267.13
15321,3,2748.31,916.1
15322,1,679.68,679.68
15325,1,162.29,162.29
15326,1,311.71,311.71
15327,1,208.75,208.75
15329,3,1049.7,349.9
15330,2,714.96,357.48
15332,4,1661.06,415.27
15333,1,1028.56,1028.56
15334,3,351.67,117.22
15335,1,173.97,173.97
15339,2,574.07,287.03
15341,1,2020.52,2020.52
15342,1,406.09,406.09
15343,1,364.5,364.5
15344,3,563.94,187.98
15345,1,393.54,393.54
15346,1,252.42,252.42
15347,1,201.6,201.6
15348,1,158.04,158.04
15349,2,473.81,236.9
15350,1,115.65,115.65
15351,7,1960.11,280.02
15353,2,777.02,388.51
15355,2,277.05,138.53
15356,10,2766.5,276.65
15358,22,8347.2,379.42
15360,1,427.93,427.93
15361,1,418.92,418.92
15363,1,326.0,326.0
15364,2,913.19,456.6
15365,7,2314.32,330.62
15366,2,602.51,301.26
15367,4,1877.59,469.4
15368,1,446.94,446.94
15370,7,2386.05,340.86
15372,1,2007.4,2007.4
15373,12,2415.91,201.33
15374,1,168.0,168.0
15376,3,1233.36,411.12
15379,7,3703.29,529.04
15380,5,1690.26,338.05
15381,2,596.85,298.43
15382,6,5955.71,992.62
15384,2,642.41,321.2
15385,1,316.88,316.88
15386,1,394.14,394.14
15388,1,140.54,140.54
15389,1,500.0,500.0
15392,4,1535.53,383.88
15393,2,231.86,115.93
15394,4,2183.54,545.89
15395,1,107.45,107.45
15396,1,288.18,288.18
15397,1,94.0,94.0
15398,2,1345.53,672.77
15399,3,815.77,271.92
15400,5,716.2,143.24
15402,2,626.77,313.39
15405,1,349.1,349.1
15406,2,510.71,255.35
15407,4,1056.44,264.11
15408,1,267.18,267.18
15410,8,3450.84,431.36
15411,4,1358.88,339.72
15412,1,190.53,190.53
15414,3,774.9,258.3
15415,1,572.81,572.81
15416,4,3984.32,996.08
15417,1,508.8,508.8
15419,1,135.86,135.86
15421,4,950.36,237.59
15422,2,97.7,48.85
15423,1,43.5,43.5
15424,2,383.34,191.67
15426,5,1447.39,289.48
15427,3,1483.14,494.38
15428,1,93.78,93.78
15429,2,397.35,198.68
15432,1,171.19,171.19
15433,2,533.3,266.65
15434,5,1041.48,208.3
15435,1,149.29,149.29
15436,3,1122.53,374.18
15437,1,200.16,200.16
15438,1,156.58,156.58
15440,3,383.68,127.89
15442,1,594.0,594.0
15443,7,3236.91,462.42
15444,2,1418.26,709.13
15445,1,113.5,113.5
15447,1,155.17,155.17
15448,1,494.64,494.64
15449,3,974.52,324.84
15450,1,429.84,429.84
15452,3,538.73,179.58
15453,7,1388.37,198.34
15454,1,179.1,179.1
15456,3,447.22,149.07
15457,1,237.07,237.07
15458,1,161.64,161.64
15460,1,216.76,216.76
15462,3,234.6,78.2
15463,1,126.14,126.14
15464,1,1048.85,1048.85
15465,18,7354.62,408.59
15466,1,334.53,334.53
15467,3,524.88,174.96
15468,2,467.51,233.75
15469,2,538.55,269.28
15471,1,469.48,469.48
15472,1,371.56,371.56
15473,7,1771.2,253.03
15475,1,454.11,454.11
15478,2,1441.42,720.71
15480,1,905.5,905.5
15482,12,11054.96,921.25
15483,4,233.81,58.45
15484,4,3594.31,898.58
15485,3,2575.0,858.33
15488,1,91.32,91.32
15489,3,1134.28,378.09
15491,6,3100.09,516.68
15492,2,659.46,329.73
15493,5,2001.8,400.36
15494,2,1299.23,649.62
15497,2,1262.2,631.1
15498,27,13316.4,493.2
15500,4,1131.56,282.89
15502,12,10384.93,865.41
15503,1,147.09,147.09
15504,1,52.83,52.83
15505,5,3610.96,722.19
15506,3,979.26,326.42
15507,1,492.36,492.36
15508,6,1000.27,166.71
15510,1,250.0,250.0
15511,5,909.23,181.85
15512,2,121.0,60.5
15513,19,14758.22,776.75
15514,11,4139.46,376.31
15516,3,62.43,20.81
15517,1,267.03,267.03
15518,8,1942.45,242.81
15520,1,343.5,343.5
15521,8,3000.2,375.03
15522,2,398.84,199.42
15523,1,412.01,412.01
15524,1,440.0,440.0
15525,3,825.92,275.31
15526,2,148.44,74.22
15527,8,2429.78,303.72
15528,1,229.33,229.33
15529,11,3995.23,363.2
15530,4,1502.35,375.59
15531,2,2007.44,1003.72
15532,4,1580.93,395.23
15533,3,807.57,269.19
15535,4,536.4,134.1
15537,1,110.92,110.92
15539,1,538.46,538.46
15540,1,213.3,213.3
15541,1,85.13,85.13
15543,1,127.86,127.86
15544,9,3546.71,394.08
15545,2,292.72,146.36
15547,14,4954.84,353.92
15549,3,1693.26,564.42
15550,4,575.63,143.91
15551,1,436.06,436.06
15552,1,90.12,90.12
15553,1,437.23,437.23
15554,1,217.2,217.2
15555,16,4805.17,300.32
15556,1,279.77,279.77
15557,1,473.65,473.65
15561,4,800.59,200.15
15562,1,134.55,134.55
15563,4,1400.44,350.11
15565,2,173.16,86.58
15567,1,186.01,186.01
15568,3,758.29,252.76
15569,5,1375.71,275.14
15570,12,4165.52,347.13
15571,4,650.43,162.61
15572,7,2552.86,364.69
15573,2,607.45,303.73
15574,4,702.25,175.56
15576,1,940.67,940.67
15577,3,258.88,86.29
15578,1,127.1,127.1
15579,2,348.6,174.3
15581,13,3679.97,283.07
15582,3,682.91,227.64
15584,4,725.11,181.28
15585,1,455.3,455.3
15587,4,913.68,228.42
15589,3,478.53,159.51
15592,1,388.58,388.58
15593,1,199.8,199.8
15594,5,1771.78,354.36
15596,5,1406.59,281.32
15597,1,324.57,324.57
15598,1,240.68,240.68
15599,2,761.74,380.87
15601,14,6776.56,484.04
15602,9,1297.87,144.21
15603,1,48.48,48.48
15604,1,216.39,216.39
15605,5,1198.23,239.65
15606,9,2920.16,324.46
15607,1,104.76,104.76
15608,4,1093.68,273.42
15609,1,298.48,298.48
15610,1,112.46,112.46
15611,13,1591.45,122.42
15612,2,195.15,97.58
15615,23,10399.74,452.16
15618,4,776.85,194.21
15619,1,336.4,336.4
15620,3,1553.18,517.73
15621,4,1293.03,323.26
15622,9,3709.56,412.17
15623,1,301.03,301.03
15624,4,588.13,147.03
15625,4,1534.26,383.57
15626,2,675.8,337.9
15628,9,2870.24,318.92
15630,2,1186.35,593.18
15632,8,3285.31,410.66
15634,1,243.55,243.55
15636,2,724.76,362.38
15637,1,223.36,223.36
15639,1,425.32,425.32
15640,15,12515.66,834.38
15641,4,1887.2,471.8
15643,3,664.0,221.33
15644,4,813.0,203.25
15645,1,612.01,612.01
15646,3,447.64,149.21
15648,2,657.35,328.67
15649,2,816.0,408.0
15651,3,646.3,215.43
15652,1,337.74,337.74
15653,2,877.44,438.72
15654,2,922.53,461.27
15655,1,560.67,560.67
15656,4,748.5,187.13
15657,1,30.0,30.0
15658,5,1024.1,204.82
15659,1,306.45,306.45
15660,9,1600.86,177.87
15661,2,309.8,154.9
15663,1,138.14,138.14
15664,1,386.43,386.43
15665,2,2242.01,1121.01
15667,1,301.32,301.32
15668,1,76.32,76.32
15669,4,684.34,171.08
15670,1,173.05,173.05
15671,7,2657.13,379.59
15673,4,2881.02,720.26
15674,5,2446.6,489.32
15675,3,323.69,107.9
15676,3,3435.76,1145.25
15677,1,657.23,657.23
15678,1,352.7,352.7
15679,4,781.28,195.32
15680,3,1333.68,444.56
15681,5,1426.16,285.23
15683,1,193.75,193.75
15687,9,2993.1,332.57
15689,2,254.1,127.05
15690,2,239.76,119.88
15691,1,136.8,136.8
15692,1,191.04,191.04
15694,14,6479.4,462.81
15695,2,409.98,204.99
15696,8,2736.46,342.06
15699,1,309.65,309.65
15700,2,696.68,348.34
15701,4,1542.14,385.53
15703,1,211.5,211.5
15704,4,2293.62,573.41
15705,1,143.1,143.1
15706,4,1060.56,265.14
15707,4,945.58,236.39
15708,7,3364.24,480.61
15709,1,133.25,133.25
15712,5,1072.36,214.47
15713,2,356.7,178.35
15714,2,330.88,165.44
15716,4,1118.81,279.7
15717,1,150.3,150.3
15719,13,5045.61,388.12
15720,1,598.73,598.73
15721,1,507.08,507.08
15722,5,2222.56,444.51
15723,1,203.1,203.1
15724,2,218.25,109.13
15725,1,415.25,415.25
15727,7,5178.96,739.85
15729,1,85.0,85.0
15730,3,1120.88,373.63
15732,2,294.12,147.06
15733,1,162.3,162.3
15734,2,1339.45,669.73
15737,8,1205.12,150.64
15738,16,4812.42,300.78
15739,1,449.12,449.12
15740,1,154.88,154.88
15743,4,784.46,196.12
15744,1,34.8,34.8
15745,4,1094.59,273.65
15746,1,196.88,196.88
15747,3,974.04,324.68
15748,1,149.31,149.31
15749,3,44534.3,14844.77
15750,8,2465.48,308.19
15752,7,2637.38,376.77
15753,1,79.2,79.2
15754,3,458.57,152.86
15755,6,2364.25,394.04
15756,4,532.96,133.24
15757,2,714.42,357.21
15758,1,205.25,205.25
15759,3,253.04,84.35
15762,2,583.75,291.88
15763,2,1086.92,543.46
15764,6,3279.97,546.66
15766,1,315.06,315.06
15768,3,621.83,207.28
15769,26,56252.72,2163.57
15773,1,635.68,635.68
15774,1,270.8,270.8
15775,1,104.9,104.9
15776,1,241.62,241.62
15777,4,1047.11,261.78
15780,3,475.28,158.43
15781,3,345.46,115.15
15782,3,2614.74,871.58
15783,1,246.3,246.3
15785,5,2328.97,465.79
15786,3,4932.2,1644.07
15787,3,948.05,316.02
15789,1,351.3,351.3
15790,1,220.85,220.85
15791,2,1612.69,806.35
15793,3,965.61,321.87
15795,1,610.01,610.01
15796,8,2711.56,338.94
15797,4,2207.4,551.85
15799,3,884.14,294.71
15800,2,699.08,349.54
15801,3,1063.95,354.65
15802,1,451.42,451.42
15803,1,415.82,415.82
15804,13,4206.39,323.57
15805,17,5528.48,325.2
15806,3,784.58,261.53
15807,3,903.9,301.3
15808,4,3734.97,933.74
15809,5,515.77,103.15
15810,4,1391.98,347.99
15811,6,2218.62,369.77
15812,5,1801.14,360.23
15813,2,1303.91,651.96
15814,4,1945.33,486.33
15815,5,2100.6,420.12
15819,4,1905.45,476.36
15820,1,206.98,206.98
15821,2,570.96,285.48
15822,2,885.47,442.74
15823,1,15.0,15.0
15825,1,532.94,532.94
15826,3,1654.31,551.44
15827,14,1836.09,131.15
15829,2,636.14,318.07
15830,1,576.0,576.0
15831,3,801.76,267.25
15832,1,836.79,836.79
15834,4,2233.75,558.44
15835,4,954.09,238.52
15836,1,137.37,137.37
15837,1,391.98,391.98
15838,19,33643.08,1770.69
15839,3,1048.49,349.5
15840,2,355.56,177.78
15841,4,1224.06,306.02
15843,1,118.95,118.95
15844,1,130.74,130.74
15845,8,3711.77,463.97
15847,2,389.27,194.63
15850,2,238.85,119.43
15852,2,160.71,80.36
15853,1,110.8,110.8
15854,12,2974.65,247.89
15855,5,712.24,142.45
15856,27,16387.57,606.95
15857,1,297.0,297.0
15858,5,1438.85,287.77
15860,8,977.21,122.15
15861,8,3165.36,395.67
15862,4,832.88,208.22
15863,2,68.84,34.42
15864,6,1936.32,322.72
15865,3,895.13,298.38
15866,1,230.53,230.53
15867,15,3812.64,254.18
15869,2,149.64,74.82
15870,1,354.09,354.09
15872,2,360.93,180.46
15874,7,4405.88,629.41
15877,2,493.28,246.64
15880,1,343.28,343.28
15881,5,501.39,100.28
15882,4,516.36,129.09
15883,2,396.48,198.24
15885,3,379.35,126.45
15886,1,181.09,181.09
15888,1,168.31,168.31
15889,2,446.87,223.43
15891,1,524.52,524.52
15894,2,263.55,131.77
15895,1,179.17,179.17
15897,2,222.05,111.02
15898,5,1388.88,277.78
15899,1,56.25,56.25
15900,1,351.11,351.11
15901,3,363.88,121.29
15903,7,5126.76,732.39
15904,1,164.68,164.68
15906,7,1567.69,223.96
15907,3,967.45,322.48
15909,1,191.94,191.94
15910,8,1232.18,154.02
15912,2,264.62,132.31
15916,8,1528.09,191.01
15917,1,123.1,123.1
15918,2,334.23,167.11
15919,2,639.89,319.94
15920,4,167.5,41.88
15921,1,336.03,336.03
15922,1,369.5,369.5
15923,1,127.08,127.08
15925,1,207.15,207.15
15930,1,426.63,426.63
15932,8,2495.87,311.98
15933,3,1107.46,369.15
15935,2,416.86,208.43
15937,1,145.35,145.35
15938,5,404.58,80.92
15939,15,6115.01,407.67
15940,1,35.8,35.8
15942,1,337.44,337.44
15944,1,325.1,325.1
15945,1,181.0,181.0
15947,1,1708.24,1708.24
15948,2,955.24,477.62
15949,2,364.72,182.36
15950,4,1765.51,441.38
15951,2,708.22,354.11
15952,4,806.57,201.64
15953,8,1659.38,207.42
15955,14,4416.26,315.45
15957,1,428.89,428.89
15958,1,104.35,104.35
15963,2,470.76,235.38
15965,4,845.64,211.41
15967,2,418.83,209.42
15969,3,666.1,222.03
15970,1,314.1,314.1
15971,12,4199.85,349.99
15973,1,307.82,307.82
15974,7,3442.15,491.74
15975,1,371.01,371.01
15976,2,430.94,215.47
15977,2,1054.73,527.37
15978,1,1098.78,1098.78
15980,3,2398.86,799.62
15981,8,3408.48,426.06
15983,4,1475.02,368.76
15984,10,2837.67,283.77
15985,2,1142.42,571.21
15986,1,168.12,168.12
15987,7,1451.28,207.33
15988,1,158.03,158.03
15990,2,792.11,396.06
15992,1,41.99,41.99
15993,7,2797.57,399.65
15994,1,427.07,427.07
15996,6,1060.68,176.78
15998,5,3089.97,617.99
16000,3,12393.7,4131.23
16003,5,2735.37,547.07
16005,4,615.39,153.85
16006,1,101.4,101.4
16007,4,1701.94,425.49
16008,3,478.78,159.59
16009,4,992.71,248.18
16010,3,407.5,135.83
16011,16,3362.71,210.17
16012,3,1415.29,471.76
16013,47,37130.6,790.01
16014,3,662.38,220.79
16015,3,705.39,235.13
16016,8,1508.76,188.59
16017,1,211.88,211.88
16018,2,408.9,204.45
16019,9,3786.24,420.69
16020,3,851.01,283.67
16022,1,628.28,628.28
16023,3,719.81,239.94
16024,1,251.24,251.24
16025,1,439.66,439.66
16026,1,236.09,236.09
16027,6,934.62,155.77
16029,63,81024.84,1286.11
16030,1,331.24,331.24
16031,2,548.94,274.47
16033,20,8816.4,440.82
16034,3,437.7,145.9
16036,2,758.92,379.46
16037,3,855.02,285.01
16038,3,471.78,157.26
16040,3,1313.55,437.85
16041,3,3166.4,1055.47
16042,5,1197.27,239.45
16043,4,773.99,193.5
16045,4,1340.7,335.18
16048,2,256.44,128.22
16049,3,1111.79,370.6
16050,1,137.9,137.9
16052,1,362.06,362.06
16053,2,1511.95,755.97
16054,1,783.9,783.9
16055,1,134.8,134.8
16056,1,664.85,664.85
16057,7,2263.12,323.3
16059,6,1459.86,243.31
16062,4,1153.62,288.41
16063,1,335.32,335.32
16065,1,372.09,372.09
16066,5,1521.87,304.37
16070,2,852.15,426.07
16071,1,326.24,326.24
16072,1,584.32,584.32
16073,1,122.4,122.4
16076,10,2234.73,223.47
16078,1,79.2,79.2
16079,3,1352.0,450.67
16080,2,217.16,108.58
16081,5,2806.9,561.38
16083,2,1317.62,658.81
16084,1,436.18,436.18
16085,5,981.51,196.3
16086,5,1121.39,224.28
16091,2,315.06,157.53
16092,3,817.86,272.62
16093,1,17.0,17.0
16094,4,1078.23,269.56
16096,1,320.62,320.62
16097,1,185.05,185.05
16098,7,2005.63,286.52
16099,3,731.9,243.97
16101,1,1290.7,1290.7
16102,3,1842.14,614.05
16103,6,1429.64,238.27
16104,1,302.36,302.36
16105,1,336.96,336.96
16106,1,108.38,108.38
16107,7,3204.16,457.74
16108,1,842.5,842.5
16109,2,611.88,305.94
16110,3,1337.48,445.83
16112,4,195.74,48.94
16113,1,161.38,161.38
16114,1,135.75,135.75
16115,8,1667.97,208.5
16116,1,612.78,612.78
16117,1,232.21,232.21
16119,2,423.36,211.68
16120,4,1309.14,327.29
16121,2,867.11,433.55
16122,4,684.42,171.11
16123,1,307.78,307.78
16124,1,249.0,249.0
16125,1,289.35,289.35
16126,4,6287.77,1571.94
16127,1,656.25,656.25
16128,5,1880.22,376.04
16131,6,3506.54,584.42
16133,33,14589.04,442.09
16134,2,618.09,309.04
16135,1,517.55,517.55
16136,3,709.38,236.46
16139,3,635.41,211.8
16140,2,725.18,362.59
16141,1,620.4,620.4
16142,1,535.34,535.34
16143,6,2424.94,404.16
16144,1,175.2,175.2
16145,11,3799.49,345.41
16146,3,734.13,244.71
16147,1,375.0,375.0
16148,1,76.32,76.32
16149,2,280.52,140.26
16150,5,2053.02,410.6
16152,1,1829.04,1829.04
16153,5,1824.23,364.85
16156,9,3122.04,346.89
16157,3,656.69,218.9
16159,1,348.2,348.2
16160,2,1025.44,512.72
16161,19,5575.56,293.45
16162,1,37.4,37.4
16163,2,856.6,428.3
16164,3,822.48,274.16
16168,27,3787.6,140.28
16169,4,1822.97,455.74
16170,6,1885.05,314.18
16171,1,73.2,73.2
16172,5,1140.21,228.04
16173,6,1418.32,236.39
16174,3,1009.55,336.52
16175,4,1037.59,259.4
16177,1,331.95,331.95
16178,1,197.9,197.9
16179,1,215.83,215.83
16180,8,10254.18,1281.77
16181,1,305.54,305.54
16182,4,6617.65,1654.41
16183,1,338.71,338.71
16184,6,1158.79,193.13
16185,2,529.41,264.71
16186,12,4006.94,333.91
16187,15,6911.44,460.76
16188,4,981.86,245.46
16189,2,215.48,107.74
16190,1,215.08,215.08
16191,13,5180.52,398.5
16193,1,314.45,314.45
16198,1,400.68,400.68
16200,2,1080.62,540.31
16201,4,1863.47,465.87
16202,1,365.27,365.27
16203,4,592.9,148.23
16204,1,405.71,405.71
16205,4,761.38,190.34
16206,4,537.06,134.27
16207,1,394.38,394.38
16208,2,664.26,332.13
16209,5,2262.62,452.52
16210,18,21086.3,1171.46
16211,1,547.02,547.02
16212,2,690.34,345.17
16213,1,159.0,159.0
16214,3,1062.75,354.25
16215,1,242.35,242.35
16216,1,914.93,914.93
16217,2,304.25,152.13
16218,7,3084.68,440.67
16221,3,864.86,288.29
16222,1,846.72,846.72
16224,4,1295.3,323.82
16225,5,1096.32,219.26
16226,3,255.12,85.04
16227,1,314.22,314.22
16229,2,1010.6,505.3
16230,2,542.03,271.02
16232,4,990.88,247.72
16233,3,536.68,178.89
16235,5,867.31,173.46
16236,1,432.2,432.2
16239,2,414.2,207.1
16240,2,3718.8,1859.4
16241,13,2607.87,200.61
16242,7,3603.21,514.74
16243,2,409.1,204.55
16244,2,1522.75,761.37
16245,3,1413.66,471.22
16247,1,114.56,114.56
16248,1,152.94,152.94
16249,5,1800.07,360.01
16250,2,389.44,194.72
16253,2,3683.86,1841.93
16255,8,2619.91,327.49
16256,1,752.43,752.43
16257,1,46.95,46.95
16258,5,5203.51,1040.7
16260,1,1035.45,1035.45
16261,4,746.83,186.71
16265,9,5447.0,605.22
16266,7,861.89,123.13
16268,2,667.65,333.82
16270,1,1141.24,1141.24
16271,5,1429.24,285.85
16272,1,411.7,411.7
16274,1,357.95,357.95
16275,1,559.87,559.87
16276,1,810.6,810.6
16278,1,566.38,566.38
16279,3,1509.58,503.19
16281,1,2062.06,2062.06
16282,1,168.3,168.3
16283,5,1570.81,314.16
16284,2,823.97,411.99
16287,1,142.5,142.5
16292,1,302.25,302.25
16293,10,2248.99,224.9
16295,4,1328.55,332.14
16297,1,301.9,301.9
16298,3,598.2,199.4
16302,1,233.22,233.22
16303,3,5360.63,1786.88
16305,1,361.22,361.22
16306,6,632.27,105.38
16308,4,2560.0,640.0
16309,2,706.57,353.28
16311,2,616.26,308.13
16313,2,274.15,137.08
16315,1,226.37,226.37
16316,8,2938.91,367.36
16317,3,1341.65,447.22
16318,1,328.15,328.15
16319,1,404.4,404.4
16320,2,1038.46,519.23
16321,5,373.65,74.73
16322,2,326.75,163.38
16323,1,207.5,207.5
16324,3,428.68,142.89
16325,3,594.24,198.08
16326,14,3110.96,222.21
16327,6,3844.22,640.7
16330,3,251.91,83.97
16332,7,1593.2,227.6
16333,22,26626.8,1210.31
16337,1,151.05,151.05
16338,1,214.8,214.8
16339,1,109.95,109.95
16340,1,549.07,549.07
16341,4,1971.87,492.97
16342,4,322.41,80.6
16343,2,370.48,185.24
16344,1,101.1,101.1
16345,1,575.41,575.41
16347,2,887.65,443.83
16348,7,1469.45,209.92
16349,1,53.5,53.5
16350,4,1116.47,279.12
16351,1,153.9,153.9
16352,2,494.44,247.22
16353,23,6675.71,290.25
16354,2,395.8,197.9
16356,3,211.77,70.59
16357,3,658.88,219.63
16358,4,2027.5,506.88
16359,9,1750.92,194.55
16360,6,3512.53,585.42
16361,4,896.66,224.17
16362,5,734.77,146.95
16363,1,109.36,109.36
16364,2,707.04,353.52
16365,9,1540.42,171.16
16366,1,327.3,327.3
16367,2,804.49,402.24
16368,2,497.43,248.71
16369,3,1553.66,517.89
16370,4,1320.56,330.14
16372,2,367.93,183.96
16374,2,473.03,236.51
16376,2,987.01,493.51
16377,1,676.2,676.2
16378,3,362.95,120.98
16379,4,2157.4,539.35
16380,1,1780.59,1780.59
16383,2,668.36,334.18
16384,2,584.5,292.25
16385,3,555.89,185.3
16386,2,317.2,158.6
16387,1,94.36,94.36
16389,4,1382.07,345.52
16392,1,221.19,221.19
16393,13,3046.21,234.32
16394,5,1555.34,311.07
16395,5,1486.9,297.38
16398,2,1705.8,852.9
16399,2,408.57,204.29
16400,1,303.93,303.93
16401,12,4098.32,341.53
16402,2,299.6,149.8
16403,1,177.5,177.5
16404,1,443.05,443.05
16405,2,167.25,83.63
16406,1,163.07,163.07
16407,10,2126.93,212.69
16409,5,2028.88,405.78
16411,2,214.65,107.33
16412,1,151.83,151.83
16413,1,262.2,262.2
16414,2,126.25,63.13
16415,1,210.35,210.35
16416,3,1051.4,350.47
16418,3,675.27,225.09
16419,6,972.23,162.04
16422,51,34684.4,680.09
16423,1,346.12,346.12
16424,1,133.56,133.56
16425,1,302.7,302.7
16426,10,1908.25,190.83
16427,2,241.06,120.53
16429,1,284.55,284.55
16430,1,300.85,300.85
16431,3,642.81,214.27
16432,1,287.4,287.4
16433,1,184.26,184.26
16434,7,1522.25,217.46
16438,5,798.35,159.67
16440,5,3640.67,728.13
16441,2,381.2,190.6
16442,3,616.79,205.6
16444,4,654.67,163.67
16445,1,230.51,230.51
16446,2,168472.5,84236.25
16447,1,259.01,259.01
16448,1,188.89,188.89
16449,2,707.69,353.84
16450,1,311.92,311.92
16451,1,266.97,266.97
16454,2,6.9,3.45
16455,7,1841.18,263.03
16456,5,2158.37,431.67
16457,1,208.36,208.36
16458,18,3482.74,193.49
16460,3,814.72,271.57
16461,1,151.42,151.42
16462,3,136.0,45.33
16463,4,1422.4,355.6
16464,3,1314.68,438.23
16466,7,1603.46,229.07
16468,1,74.9,74.9
16469,4,650.43,162.61
16470,4,762.39,190.6
16471,1,223.95,223.95
16473,3,316.11,105.37
16474,7,1871.5,267.36
16475,4,544.3,136.08
16477,7,2494.46,356.35
16478,3,331.0,110.33
16479,2,300.83,150.42
16480,1,769.29,769.29
16482,1,220.62,220.62
16483,1,139.35,139.35
16484,2,404.3,202.15
16485,1,363.65,363.65
16488,3,498.8,166.27
16491,1,731.5,731.5
16493,4,1351.63,337.91
16494,1,826.53,826.53
16495,3,684.41,228.14
16496,3,1599.52,533.17
16497,6,2965.69,494.28
16498,2,100.97,50.49
16499,2,365.45,182.73
16500,6,400.86,66.81
16503,4,1431.93,357.98
16504,1,484.38,484.38
16505,1,777.6,777.6
16506,2,90.3,45.15
16509,1,363.7,363.7
16510,1,248.1,248.1
16511,3,950.26,316.75
16513,4,874.59,218.65
16515,5,1627.13,325.43
16516,1,101.7,101.7
16517,1,162.7,162.7
16518,2,484.32,242.16
16519,2,215.08,107.54
16520,3,1046.57,348.86
16523,21,9418.47,448.5
16525,26,13027.45,501.06
16526,1,290.36,290.36
16527,1,228.06,228.06
16528,1,244.41,244.41
16529,1,455.25,455.25
16531,7,1244.59,177.8
16532,3,6748.8,2249.6
16533,3,1095.56,365.19
16535,1,593.75,593.75
16536,1,548.97,548.97
16539,4,1388.81,347.2
16542,1,119.62,119.62
16545,1,339.3,339.3
16546,2,787.15,393.58
16549,10,4154.64,415.46
16550,5,2298.97,459.79
16551,3,922.12,307.37
16552,2,379.73,189.87
16553,12,5719.82,476.65
16554,3,837.1,279.03
16555,2,285.89,142.95
16556,7,3313.79,473.4
16557,2,281.85,140.93
16558,20,8338.49,416.92
16560,2,841.41,420.7
16561,2,511.12,255.56
16563,1,1077.74,1077.74
16565,1,173.7,173.7
16566,5,614.66,122.93
16567,2,865.6,432.8
16569,1,124.2,124.2
16570,10,3738.4,373.84
16571,3,1421.69,473.9
16572,3,1009.6,336.53
16573,2,663.61,331.8
16574,1,451.44,451.44
16581,1,105.84,105.84
16582,1,313.62,313.62
16583,1,233.45,233.45
16584,2,936.08,468.04
16586,1,463.95,463.95
16587,1,225.15,225.15
16589,3,459.24,153.08
16591,1,213.5,213.5
16592,16,4113.68,257.1
16593,3,330.03,110.01
16594,1,181.09,181.09
16595,1,360.16,360.16
16596,2,250.15,125.08
16597,1,90.04,90.04
16598,1,145.05,145.05
16600,6,813.52,135.59
16601,1,244.8,244.8
16602,1,528.08,528.08
16603,2,482.47,241.24
16607,14,3347.71,239.12
16609,7,5493.46,784.78
16610,1,75.66,75.66
16611,1,129.49,129.49
16612,4,1187.66,296.92
16613,1,618.59,618.59
16614,1,506.19,506.19
16616,2,500.42,250.21
16617,1,151.85,151.85
16618,5,2647.59,529.52
16619,1,226.21,226.21
16620,2,178.96,89.48
16621,4,813.48,203.37
16623,1,129.45,129.45
16624,2,810.57,405.28
16625,1,333.08,333.08
16626,17,4413.1,259.59
16627,1,322.8,322.8
16628,5,2188.05,437.61
16629,2,417.73,208.86
16633,6,2883.1,480.52
16634,2,217.9,108.95
16637,4,1154.47,288.62
16638,10,1680.72,168.07
16639,3,1257.51,419.17
16641,1,231.1,231.1
16642,2,688.33,344.17
16643,1,487.51,487.51
16644,2,833.78,416.89
16647,2,214.06,107.03
16648,1,290.66,290.66
16650,1,518.42,518.42
16652,7,6773.97,967.71
16653,2,1212.66,606.33
16654,4,601.27,150.32
16655,6,3794.52,632.42
16656,15,8625.8,575.05
16657,4,933.62,233.41
16658,1,123.24,123.24
16659,1,39.12,39.12
16660,4,1267.65,316.91
16665,1,135.4,135.4
16666,1,118.98,118.98
16667,2,570.13,285.07
16668,6,306.72,51.12
16669,3,1374.87,458.29
16670,11,4095.9,372.35
16671,3,1692.27,564.09
16672,20,8134.94,406.75
16674,2,319.61,159.81
16676,4,1592.12,398.03
16678,12,3109.99,259.17
16679,1,129.75,129.75
16680,1,183.7,183.7
16681,6,1770.34,295.06
16682,5,1028.0,205.6
16684,28,66653.56,2380.48
16685,2,324.24,162.12
16686,7,3062.83,437.55
16688,4,1260.86,315.22
16689,2,422.6,211.3
16690,2,225.58,112.79
16692,2,1276.0,638.0
16693,2,482.01,241.01
16696,4,657.9,164.48
16697,1,112.75,112.75
16698,2,1998.0,999.0
16700,13,5076.55,390.5
16701,13,5398.3,415.25
16705,20,14034.99,701.75
16706,3,531.35,177.12
16708,1,656.63,656.63
16709,5,3029.87,605.97
16710,10,2483.04,248.3
16711,5,1651.03,330.21
16712,11,3645.43,331.4
16713,15,6923.13,461.54
16714,3,1161.53,387.18
16715,1,301.72,301.72
16716,2,901.2,450.6
16717,6,3858.38,643.06
16718,1,623.75,623.75
16719,7,1790.42,255.77
16720,1,155.24,155.24
16721,1,292.47,292.47
16722,13,4730.81,363.91
16723,2,589.15,294.58
16725,7,781.02,111.57
16726,5,1382.02,276.4
16727,1,272.82,272.82
16728,4,1054.67,263.67
16729,21,7239.92,344.76
16730,3,743.11,247.7
16732,1,603.75,603.75
16734,3,650.51,216.84
16735,5,2300.56,460.11
16737,1,417.6,417.6
16738,1,3.75,3.75
16739,1,323.0,323.0
16742,1,464.9,464.9
16743,7,2238.09,319.73
16744,7,1304.76,186.39
16745,17,7194.3,423.19
16746,18,6697.66,372.09
16747,2,836.06,418.03
16748,5,1515.9,303.18
16750,5,623.93,124.79
16751,1,1764.72,1764.72
16752,1,207.5,207.5
16753,1,223.92,223.92
16754,1,2002.4,2002.4
16755,3,1496.83,498.94
16756,1,239.4,239.4
16757,1,106.83,106.83
16758,1,369.34,369.34
16759,3,789.79,263.26
16761,1,316.62,316.62
16762,3,1501.38,500.46
16763,1,611.85,611.85
16764,13,2799.25,215.33
16765,1,34.0,34.0
16766,2,1145.6,572.8
16767,11,5580.6,507.33
16768,3,478.09,159.36
16769,1,380.39,380.39
16770,5,770.1,154.02
16771,5,2246.81,449.36
16773,1,171.59,171.59
16774,4,661.52,165.38
16775,11,1695.66,154.15
16776,1,388.28,388.28
16777,2,226.35,113.18
16778,2,245.94,122.97
16779,22,10629.72,483.17
16780,2,425.19,212.59
16781,1,311.25,311.25
16782,13,2279.9,175.38
16784,1,107.6,107.6
16788,2,597.48,298.74
16789,1,80.8,80.8
16790,6,1545.62,257.6
16791,7,1721.78,245.97
16792,2,110.38,55.19
16793,1,243.84,243.84
16794,10,1222.71,122.27
16795,1,414.88,414.88
16796,1,305.62,305.62
16800,1,1201.49,1201.49
16801,4,1619.73,404.93
16803,1,332.3,332.3
16804,3,536.99,179.0
16805,2,460.59,230.29
16806,4,801.49,200.37
16807,3,1121.59,373.86
16808,2,288.42,144.21
16809,5,914.69,182.94
16810,1,309.54,309.54
16811,2,547.07,273.53
16812,1,479.35,479.35
16813,10,1692.98,169.3
16814,21,6509.1,309.96
16816,4,417.06,104.27
16817,9,1604.75,178.31
16818,11,3349.57,304.51
16820,1,497.61,497.61
16823,1,358.38,358.38
16824,2,460.64,230.32
16825,2,775.18,387.59
16826,1,341.7,341.7
16828,2,128.5,64.25
16829,1,197.22,197.22
16830,1,325.91,325.91
16832,3,199.15,66.38
16833,4,1106.53,276.63
16834,1,413.46,413.46
16835,2,180.85,90.43
16836,2,251.87,125.94
16837,11,3170.98,288.27
16838,2,588.85,294.43
16839,34,16594.35,488.07
16841,6,1869.82,311.64
16842,3,1264.19,421.4
16843,16,10196.57,637.29
16846,1,214.32,214.32
16847,1,193.44,193.44
16848,1,281.42,281.42
16849,1,124.57,124.57
16850,1,332.41,332.41
16851,3,342.45,114.15
16852,2,144.91,72.46
16855,2,328.4,164.2
16856,1,35.4,35.4
16858,1,375.69,375.69
16859,2,747.81,373.91
16861,2,173.76,86.88
16863,2,502.8,251.4
16866,3,207.74,69.25
16869,4,825.42,206.36
16871,6,2812.34,468.72
16872,3,680.02,226.67
16873,6,7123.62,1187.27
16875,5,2095.53,419.11
16877,6,853.72,142.29
16878,1,13.3,13.3
16880,7,1519.08,217.01
16881,1,432.0,432.0
16882,3,705.12,235.04
16883,2,276.73,138.37
16884,2,429.84,214.92
16885,3,471.51,157.17
16887,1,194.88,194.88
16889,3,1578.67,526.22
16891,5,809.7,161.94
16892,5,525.54,105.11
16893,1,145.93,145.93
16895,1,219.14,219.14
16897,2,289.78,144.89
16898,3,508.81,169.6
16899,6,1281.56,213.59
16900,3,887.11,295.7
16902,1,1706.88,1706.88
16903,1,373.24,373.24
16904,16,3754.27,234.64
16905,7,3102.43,443.2
16906,4,579.77,144.94
16907,5,981.65,196.33
16909,1,379.14,379.14
16910,8,1510.06,188.76
16912,11,2575.38,234.13
16913,1,113.44,113.44
16914,1,208.46,208.46
16915,6,621.68,103.61
16916,2,576.26,288.13
16917,1,391.52,391.52
16918,6,1068.82,178.14
16919,11,2596.45,236.04
16921,1,169.79,169.79
16923,19,7247.61,381.45
16924,3,846.75,282.25
16926,1,230.25,230.25
16927,3,543.05,181.02
16928,17,2847.6,167.51
16929,7,1295.39,185.06
16930,3,380.55,126.85
16931,21,4604.22,219.25
16932,1,161.94,161.94
16933,2,563.23,281.62
16934,2,950.93,475.46
16936,1,262.68,262.68
16938,4,2736.38,684.1
16940,3,3049.88,1016.63
16942,9,1920.59,213.4
16943,3,816.73,272.24
16945,19,4345.5,228.71
16947,1,406.48,406.48
16948,3,435.02,145.01
16949,6,1286.27,214.38
16950,3,1178.56,392.85
16951,3,1277.75,425.92
16952,2,167.61,83.81
16953,1,20.8,20.8
16954,9,2085.08,231.68
16955,4,518.67,129.67
16956,1,308.74,308.74
16957,2,416.64,208.32
16959,1,117.35,117.35
16960,3,507.05,169.02
16961,1,234.17,234.17
16963,1,110.55,110.55
16965,1,201.19,201.19
16966,7,2154.97,307.85
16967,1,319.02,319.02
16968,2,439.43,219.72
16969,3,650.41,216.8
16971,1,357.21,357.21
16976,1,251.52,251.52
16978,1,344.33,344.33
16979,6,1852.0,308.67
16980,2,1078.96,539.48
16982,1,384.06,384.06
16983,7,1931.25,275.89
16984,2,4481.35,2240.67
16985,10,5464.12,546.41
16986,2,1873.2,936.6
16987,7,1625.05,232.15
16988,1,126.12,126.12
16989,6,1133.25,188.88
16990,1,179.0,179.0
16992,5,1614.31,322.86
16996,6,1456.96,242.83
16997,3,702.0,234.0
16998,4,295.0,73.75
16999,2,484.82,242.41
17001,11,3989.57,362.69
17002,3,1493.73,497.91
17004,2,1412.94,706.47
17006,4,781.78,195.45
17007,6,889.93,148.32
17010,1,195.36,195.36
17011,1,270.9,270.9
17014,3,586.33,195.44
17015,3,1842.56,614.19
17017,20,8694.26,434.71
17018,2,920.1,460.05
17019,4,1272.61,318.15
17022,1,71.0,71.0
17024,3,95.85,31.95
17025,3,357.77,119.26
17026,2,154.83,77.41
17027,6,890.29,148.38
17029,2,716.0,358.0
17030,1,146.87,146.87
17031,2,380.35,190.18
17033,3,1030.14,343.38
17034,3,745.52,248.51
17035,2,433.53,216.77
17037,1,1267.32,1267.32
17038,1,112.4,112.4
17040,1,449.73,449.73
17041,3,1081.57,360.52
17042,5,1044.38,208.88
17043,4,1735.18,433.79
17044,1,948.48,948.48
17045,3,339.44,113.15
17046,1,642.02,642.02
17047,3,1100.9,366.97
17048,3,925.35,308.45
17049,9,5659.98,628.89
17050,6,3228.84,538.14
17051,1,247.14,247.14
17052,1,413.75,413.75
17053,1,498.48,498.48
17054,5,1356.33,271.27
17058,3,1179.89,393.3
17059,5,3095.04,619.01
17060,1,234.24,234.24
17061,11,5232.23,475.66
17062,4,538.37,134.59
17063,7,1461.14,208.73
17064,3,859.35,286.45
17068,21,4552.14,216.77
17069,9,2709.7,301.08
17070,1,312.14,312.14
17071,9,2429.03,269.89
17073,4,1446.09,361.52
17075,4,834.12,208.53
17076,3,841.08,280.36
17078,2,378.2,189.1
17079,1,118.8,118.8
17080,2,287.62,143.81
17081,2,290.16,145.08
17082,2,2003.85,1001.93
17083,3,1405.78,468.59
17084,2,2949.75,1474.88
17085,5,1566.65,313.33
17086,6,2050.08,341.68
17088,4,1991.01,497.75
17090,7,2043.95,291.99
17091,9,3827.76,425.31
17092,4,1777.78,444.44
17094,1,302.0,302.0
17095,3,1324.16,441.39
17096,4,1022.13,255.53
17097,8,954.42,119.3
17100,2,971.74,485.87
17101,4,1621.73,405.43
17102,1,25.5,25.5
17105,2,665.78,332.89
17107,6,10815.43,1802.57
17109,6,885.04,147.51
17110,1,163.3,163.3
17111,1,248.61,248.61
17114,8,808.62,101.08
17115,3,837.5,279.17
17117,1,116.2,116.2
17118,1,157.02,157.02
17119,2,606.91,303.46
17120,1,307.46,307.46
17122,1,138.32,138.32
17123,1,345.3,345.3
17124,1,298.89,298.89
17125,1,259.35,259.35
17126,5,1004.75,200.95
17128,1,157.09,157.09
17131,5,2463.17,492.63
17133,7,4892.24,698.89
17134,2,425.0,212.5
17135,7,1139.73,162.82
17138,1,380.5,380.5
17139,12,10668.47,889.04
17140,1,465.32,465.32
17142,1,579.0,579.0
17144,2,984.57,492.28
17146,3,749.78,249.93
17147,4,1714.59,428.65
17148,1,124.88,124.88
17152,3,1689.5,563.17
17153,1,213.78,213.78
17154,1,329.34,329.34
17155,2,251.7,125.85
17157,2,319.0,159.5
17158,3,1266.97,422.32
17159,3,1538.88,512.96
17160,6,3518.03,586.34
17162,10,1715.46,171.55
17163,2,293.1,146.55
17164,7,2467.35,352.48
17165,1,158.68,158.68
17166,2,206.34,103.17
17169,2,835.78,417.89
17171,1,224.91,224.91
17172,1,317.76,317.76
17173,8,3766.6,470.83
17174,1,59.9,59.9
17175,4,1443.69,360.92
17176,1,306.13,306.13
17179,3,711.79,237.26
17180,4,796.03,199.01
17181,2,239.92,119.96
17183,6,3347.31,557.89
17186,2,144.0,72.0
17187,1,203.95,203.95
17188,7,2474.23,353.46
17189,2,384.4,192.2
17190,2,444.74,222.37
17191,7,2095.13,299.3
17193,7,1699.3,242.76
17194,2,262.62,131.31
17197,1,1013.01,1013.01
17198,3,692.22,230.74
17201,1,342.63,342.63
17203,6,3563.85,593.98
17204,4,1564.56,391.14
17205,1,384.08,384.08
17206,1,204.24,204.24
17211,8,2317.22,289.65
17212,1,226.85,226.85
17213,7,2781.23,397.32
17214,6,1069.12,178.19
17217,1,113.5,113.5
17218,10,1960.72,196.07
17219,1,114.23,114.23
17220,14,3198.25,228.45
17221,2,335.13,167.57
17222,1,354.15,354.15
17223,2,426.79,213.39
17226,1,393.49,393.49
17227,6,939.32,156.55
17228,8,1906.09,238.26
17229,2,318.76,159.38
17230,8,3638.41,454.8
17231,10,3174.32,317.43
17232,2,421.52,210.76
17233,1,190.88,190.88
17234,1,149.89,149.89
17235,2,550.06,275.03
17236,6,916.13,152.69
17237,2,314.69,157.35
17238,17,3744.65,220.27
17239,1,382.5,382.5
17242,2,1135.04,567.52
17243,26,8676.85,333.73
17244,1,954.9,954.9
17245,1,171.45,171.45
17247,1,282.19,282.19
17248,1,318.65,318.65
17250,2,384.52,192.26
17251,1,283.28,283.28
17252,2,353.86,176.93
17253,1,178.26,178.26
17254,2,272.44,136.22
17255,2,298.41,149.21
17256,2,240.0,120.0
17259,2,603.37,301.69
17262,5,1253.36,250.67
17263,1,63.44,63.44
17265,2,562.9,281.45
17266,3,310.64,103.55
17267,2,317.62,158.81
17268,4,763.64,190.91
17272,4,2148.63,537.16
17274,1,111.98,111.98
17277,2,1065.35,532.68
17278,1,246.04,246.04
17279,1,187.83,187.83
17282,3,1703.41,567.8
17284,6,1652.58,275.43
17286,1,153.92,153.92
17287,7,1064.11,152.02
17288,7,1419.73,202.82
17289,3,944.41,314.8
17290,2,525.24,262.62
17291,1,550.8,550.8
17293,9,1875.11,208.35
17295,3,556.95,185.65
17297,1,131.78,131.78
17298,2,498.42,249.21
17299,4,669.11,167.28
17301,1,197.63,197.63
17302,5,1135.63,227.13
17303,1,250.04,250.04
17306,19,8631.31,454.28
17309,1,82.75,82.75
17311,2,1384.85,692.43
17312,3,644.3,214.77
17313,1,2328.84,2328.84
17314,8,2527.92,315.99
17315,38,6292.26,165.59
17317,3,2600.34,866.78
17320,3,1200.62,400.21
17321,2,700.86,350.43
17323,7,921.07,131.58
17324,4,990.23,247.56
17325,1,96.8,96.8
17329,2,523.11,261.56
17330,2,363.9,181.95
17331,1,175.2,175.2
17333,1,494.25,494.25
17334,2,307.02,153.51
17337,4,2027.87,506.97
17338,8,6643.93,830.49
17339,2,243.36,121.68
17340,11,12353.29,1123.03
17341,3,781.36,260.45
17343,1,193.64,193.64
17344,1,160.57,160.57
17345,4,537.74,134.44
17346,15,2676.56,178.44
17347,1,228.96,228.96
17348,5,1159.52,231.9
17349,1,110.75,110.75
17350,4,1286.07,321.52
17351,3,587.15,195.72
17353,2,1740.0,870.0
17354,1,1393.06,1393.06
17356,1,178.22,178.22
17357,2,388.14,194.07
17358,2,365.85,182.92
17359,1,127.86,127.86
17360,3,585.79,195.26
17361,3,488.2,162.73
17362,2,312.23,156.12
17364,11,4481.18,407.38
17365,8,4801.56,600.2
17367,1,168.4,168.4
17368,8,1912.67,239.08
17370,4,446.18,111.54
17371,3,423.89,141.3
17372,8,1342.68,167.84
17373,4,646.92,161.73
17374,2,495.77,247.89
17375,3,400.1,133.37
17376,2,203.2,101.6
17377,20,4100.92,205.05
17379,1,404.66,404.66
17381,29,20275.61,699.16
17382,1,65.4,65.4
17383,1,199.29,199.29
17384,2,336.4,168.2
17385,1,261.11,261.11
17386,6,2686.42,447.74
17387,2,784.11,392.06
17388,4,1259.56,314.89
17389,34,31833.68,936.28
17391,2,508.8,254.4
17392,2,457.91,228.96
17394,1,203.87,203.87
17396,8,7330.8,916.35
17397,2,696.41,348.2
17398,3,653.38,217.79
17400,5,2129.96,425.99
17402,13,2633.85,202.6
17403,1,281.62,281.62
17404,15,31906.82,2127.12
17405,3,1031.41,343.8
17406,3,2200.42,733.47
17408,1,32.65,32.65
17409,2,771.85,385.93
17410,5,1214.72,242.94
17411,3,778.94,259.65
17412,7,1258.06,179.72
17414,2,778.0,389.0
17415,1,507.84,507.84
17416,7,6893.42,984.77
17418,2,463.46,231.73
17419,12,4226.57,352.21
17420,3,598.83,199.61
17422,6,1979.37,329.9
17423,2,698.41,349.21
17425,2,759.17,379.58
17426,6,5037.26,839.54
17427,1,100.8,100.8
17428,28,17256.85,616.32
17429,3,524.92,174.97
17430,2,265.76,132.88
17431,1,403.3,403.3
17432,2,365.76,182.88
17433,1,303.16,303.16
17434,7,2373.82,339.12
17436,2,216.3,108.15
17438,1,388.45,388.45
17440,3,186.42,62.14
17442,6,2248.56,374.76
17443,1,534.24,534.24
17444,3,2940.04,980.01
17446,2,120.9,60.45
17447,2,541.53,270.77
17449,7,2520.86,360.12
17450,46,194550.79,4229.36
17451,7,1721.4,245.91
17453,2,486.72,243.36
17454,4,517.53,129.38
17455,1,131.7,131.7
17456,1,249.86,249.86
17457,5,1737.7,347.54
17458,1,316.5,316.5
17459,2,657.3,328.65
17460,6,622.43,103.74
17461,3,757.46,252.49
17462,2,675.69,337.85
17463,5,1896.41,379.28
17464,1,289.96,289.96
17466,2,763.28,381.64
17468,2,137.0,68.5
17469,5,1870.97,374.19
17470,5,1125.07,225.01
17472,3,710.29,236.76
17475,1,194.37,194.37
17480,1,511.82,511.82
17481,4,1255.59,313.9
17483,3,414.04,138.01
17486,1,396.87,396.87
17489,2,376.64,188.32
17490,7,2092.32,298.9
17491,10,3558.87,355.89
17492,1,374.57,374.57
17495,2,497.56,248.78
17496,1,271.05,271.05
17498,1,272.22,272.22
17499,1,622.88,622.88
17500,3,1138.0,379.33
17501,2,288.6,144.3
17502,4,689.1,172.28
17503,2,558.96,279.48
17504,9,2997.03,333.0
17505,2,1145.84,572.92
17506,1,302.2,302.2
17507,2,605.58,302.79
17508,1,387.31,387.31
17509,8,6115.14,764.39
17510,1,308.48,308.48
17511,31,91062.38,2937.5
17512,10,2924.99,292.5
17513,1,513.2,513.2
17514,1,208.65,208.65
17515,4,639.02,159.76
17516,5,768.08,153.62
17517,1,153.94,153.94
17519,6,1844.02,307.34
17520,1,546.81,546.81
17521,3,723.21,241.07
17522,5,1070.71,214.14
17523,4,652.74,163.19
17524,1,145.0,145.0
17525,1,422.7,422.7
17526,4,1195.9,298.98
17527,4,939.37,234.84
17528,8,3628.5,453.56
17530,10,2385.0,238.5
17531,1,296.7,296.7
17534,1,223.36,223.36
17535,1,164.4,164.4
17536,1,76.5,76.5
17537,2,897.62,448.81
17538,1,98.42,98.42
17540,2,578.9,289.45
17542,1,170.75,170.75
17545,3,645.96,215.32
17548,1,103.3,103.3
17549,2,148.86,74.43
17550,3,267.16,89.05
17551,1,306.84,306.84
17552,4,930.41,232.6
17553,1,1487.6,1487.6
17554,5,1952.45,390.49
17555,2,483.26,241.63
17556,1,157.9,157.9
17557,3,541.46,180.49
17560,4,854.95,213.74
17561,1,167.62,167.62
17562,7,1122.38,160.34
17564,3,454.01,151.34
17566,2,901.21,450.6
17567,8,4331.48,541.44
17569,1,344.14,344.14
17571,4,1498.51,374.63
17572,4,226.75,56.69
17573,3,380.6,126.87
17574,1,185.65,185.65
17576,19,3622.68,190.67
17578,1,143.46,143.46
17579,3,448.9,149.63
17580,3,215.72,71.91
17581,25,11045.04,441.8
17582,1,175.27,175.27
17584,2,1242.3,621.15
17585,4,1133.07,283.27
17588,3,1240.2,413.4
17589,4,2404.17,601.04
17590,3,1479.22,493.07
17591,7,2225.97,318.0
17593,5,3927.34,785.47
17594,2,993.18,496.59
17595,2,388.79,194.39
17596,7,2827.93,403.99
17597,1,2044.37,2044.37
17600,1,161.67,161.67
17601,1,116.01,116.01
17602,6,5102.97,850.49
17603,1,394.72,394.72
17604,2,309.36,154.68
17608,2,193.42,96.71
17609,5,1112.22,222.44
17611,15,3984.22,265.61
17612,6,2048.45,341.41
17613,14,4559.15,325.65
17614,1,390.07,390.07
17615,3,329.6,109.87
17616,3,571.2,190.4
17618,3,971.58,323.86
17619,1,218.52,218.52
17620,1,81.44,81.44
17621,3,1379.9,459.97
17623,1,527.05,527.05
17624,2,843.48,421.74
17625,4,2047.0,511.75
17628,1,75.75,75.75
17629,8,1814.12,226.77
17630,2,503.6,251.8
17631,3,528.33,176.11
17633,4,1324.84,331.21
17634,9,2361.97,262.44
17636,1,285.56,285.56
17637,2,547.06,273.53
17639,1,108.5,108.5
17640,1,621.66,621.66
17642,2,712.29,356.15
17643,1,101.55,101.55
17644,11,2895.64,263.24
17646,3,1008.39,336.13
17647,1,133.06,133.06
17648,4,1797.5,449.38
17649,1,868.49,868.49
17650,1,166.08,166.08
17651,10,3945.0,394.5
17652,12,4867.72,405.64
17653,4,1207.56,301.89
17654,1,117.55,117.55
17655,7,2638.94,376.99
17656,5,1674.69,334.94
17658,2,595.42,297.71
17659,12,2999.46,249.96
17660,1,196.0,196.0
17663,7,1802.91,257.56
17664,2,604.64,302.32
17666,2,728.16,364.08
17667,5,2055.51,411.1
17668,2,347.75,173.88
17669,7,3406.72,486.67
17670,1,205.7,205.7
17671,4,1572.71,393.18
17672,2,3178.17,1589.09
17673,6,1629.12,271.52
17674,2,551.04,275.52
17675,31,20374.28,657.23
17676,6,1387.68,231.28
17677,30,16363.23,545.44
17678,1,298.11,298.11
17679,2,1992.11,996.06
17680,1,184.4,184.4
17682,6,2474.33,412.39
17684,1,239.41,239.41
17685,7,3191.53,455.93
17686,7,5739.46,819.92
17690,15,4757.95,317.2
17691,2,290.4,145.2
17692,4,740.94,185.24
17693,1,200.47,200.47
17694,1,283.12,283.12
17695,2,765.34,382.67
17696,8,2285.71,285.71
17697,1,338.95,338.95
17698,1,154.95,154.95
17700,4,2534.64,633.66
17701,1,417.95,417.95
17702,4,1824.37,456.09
17703,3,798.74,266.25
17704,2,885.19,442.6
17705,9,1823.52,202.61
17706,17,10504.49,617.91
17707,2,152.4,76.2
17708,2,267.08,133.54
17709,1,137.45,137.45
17711,2,385.1,192.55
17712,1,522.91,522.91
17714,1,153.0,153.0
17715,1,326.4,326.4
17716,11,5655.99,514.18
17718,1,139.35,139.35
17719,15,5396.04,359.74
17720,4,1195.94,298.98
17722,4,2424.04,606.01
17723,6,3276.4,546.07
17724,3,1033.0,344.33
17725,11,3439.08,312.64
17727,1,1060.25,1060.25
17728,3,2876.01,958.67
17730,13,5298.48,407.58
17731,4,1240.11,310.03
17732,1,303.97,303.97
17733,2,692.19,346.1
17734,3,700.63,233.54
17735,19,13110.02,690.0
17736,3,377.44,125.81
17737,2,168.24,84.12
17738,4,1879.05,469.76
17739,7,2791.35,398.76
17742,2,355.11,177.56
17744,6,2322.4,387.07
17746,1,110.25,110.25
17747,1,71.4,71.4
17749,2,674.52,337.26
17750,9,1797.57,199.73
17752,1,80.64,80.64
17754,5,1772.26,354.45
17757,30,5605.29,186.84
17758,8,3456.7,432.09
17759,3,834.99,278.33
17760,2,287.59,143.8
17761,1,712.78,712.78
17763,1,15.0,15.0
17764,2,818.82,409.41
17765,3,371.88,123.96
17767,1,271.2,271.2
17768,3,2273.18,757.73
17769,10,3997.98,399.8
17770,5,1143.27,228.65
17771,2,245.81,122.91
17772,2,182.77,91.39
17774,4,1225.41,306.35
17775,1,56.4,56.4
17777,3,665.86,221.95
17779,3,658.57,219.52
17781,2,188.02,94.01
17783,2,283.47,141.74
17785,1,131.94,131.94
17786,2,278.74,139.37
17787,4,1865.19,466.3
17788,2,1117.9,558.95
17789,1,225.9,225.9
17790,14,1965.55,140.4
17791,1,106.1,106.1
17793,1,323.04,323.04
17795,2,350.39,175.2
17796,4,697.9,174.48
17797,3,780.43,260.14
17799,10,3055.93,305.59
17800,9,1199.01,133.22
17802,3,1285.04,428.35
17805,1,512.31,512.31
17806,1,546.04,546.04
17809,12,5411.91,450.99
17811,39,7837.73,200.97
17812,4,732.16,183.04
17813,5,1770.88,354.18
17816,4,36.56,9.14
17817,3,387.68,129.23
17819,7,3704.87,529.27
17824,1,298.4,298.4
17827,5,1995.46,399.09
17828,4,1820.09,455.02
17829,1,889.24,889.24
17830,3,398.7,132.9
17831,1,35.4,35.4
17832,1,155.37,155.37
17835,3,350.64,116.88
17836,1,110.21,110.21
17837,8,1593.38,199.17
17838,5,2779.3,555.86
17839,1,338.8,338.8
17841,124,40991.57,330.58
17843,1,205.48,205.48
17844,1,51.56,51.56
17846,1,2033.1,2033.1
17848,9,901.2,100.13
17849,4,605.8,151.45
17850,34,5391.21,158.56
17852,2,114.34,57.17
17854,2,311.26,155.63
17855,1,208.97,208.97
17856,4,1418.03,354.51
17857,23,26879.04,1168.65
17858,12,5155.66,429.64
17859,1,148.21,148.21
17860,1,252.8,252.8
17861,8,2100.8,262.6
17862,1,330.9,330.9
17863,6,3160.0,526.67
17864,3,597.5,199.17
17865,20,10526.32,526.32
17866,1,329.65,329.65
17867,6,1197.1,199.52
17869,5,428.18,85.64
17870,12,1894.35,157.86
17871,1,155.9,155.9
17873,5,1859.16,371.83
17874,6,683.46,113.91
17877,1,237.61,237.61
17878,1,379.45,379.45
17879,1,178.52,178.52
17880,1,458.92,458.92
17881,1,133.35,133.35
17883,4,671.77,167.94
17884,4,717.45,179.36
17885,1,190.19,190.19
17886,3,899.61,299.87
17887,1,111.35,111.35
17888,8,726.05,90.76
17889,2,203.87,101.94
17890,2,602.09,301.05
17891,1,203.86,203.86
17892,3,244.1,81.37
17893,1,112.25,112.25
17894,8,1119.81,139.98
17895,1,98.0,98.0
17896,1,256.32,256.32
17897,3,566.6,188.87
17898,2,152.06,76.03
17899,1,155.8,155.8
17900,2,112.2,56.1
17901,1,110.38,110.38
17904,1,191.67,191.67
17905,4,800.24,200.06
17906,1,72.9,72.9
17908,1,243.28,243.28
17911,1,366.23,366.23
17912,5,311.01,62.2
17913,2,411.6,205.8
17914,1,336.43,336.43
17917,3,341.28,113.76
17919,1,1304.04,1304.04
17920,17,4204.1,247.3
17921,4,826.52,206.63
17923,1,207.5,207.5
17924,7,2962.5,423.21
17925,1,244.08,244.08
17926,2,397.29,198.65
17928,2,212.54,106.27
17929,4,843.0,210.75
17930,5,1740.48,348.1
17931,2,408.36,204.18
17932,3,1331.57,443.86
17934,2,704.25,352.13
17935,2,145.79,72.9
17936,1,389.84,389.84
17937,7,4301.22,614.46
17939,1,99.14,99.14
17940,10,4106.44,410.64
17941,1,304.56,304.56
17942,1,77.5,77.5
17946,2,149.58,74.79
17947,1,176.68,176.68
17948,1,358.56,358.56
17949,45,58510.48,1300.23
17950,3,482.2,160.73
17951,3,1008.54,336.18
17954,12,2332.72,194.39
17955,4,557.3,139.33
17956,1,12.75,12.75
17957,1,111.68,111.68
17958,1,508.46,508.46
17960,1,73.78,73.78
17961,39,1296.44,33.24
17962,1,102.83,102.83
17964,2,471.7,235.85
17965,14,2622.57,187.33
17966,5,1098.43,219.69
17967,1,123.07,123.07
17968,1,277.35,277.35
17969,2,228.2,114.1
17970,1,582.59,582.59
17972,1,136.04,136.04
17973,1,337.04,337.04
17974,3,740.79,246.93
17975,13,4488.81,345.29
17976,1,353.19,353.19
17977,1,288.14,288.14
17978,1,300.92,300.92
17979,4,757.71,189.43
17980,3,811.45,270.48
17984,1,152.68,152.68
17985,1,634.95,634.95
17986,1,20.8,20.8
17987,1,198.57,198.57
17988,7,201.12,28.73
17990,3,630.84,210.28
17991,2,93.35,46.68
17994,4,678.49,169.62
17995,1,76.1,76.1
17997,8,1970.67,246.33
17999,2,382.06,191.03
18001,2,417.23,208.62
18004,1,169.47,169.47
18005,2,249.72,124.86
18006,1,444.68,444.68
18008,9,2116.19,235.13
18009,1,257.34,257.34
18010,1,174.8,174.8
18011,1,102.79,102.79
18013,2,187.29,93.65
18014,1,166.42,166.42
18015,1,120.03,120.03
18016,5,1483.56,296.71
18017,3,523.0,174.33
18018,2,122.14,61.07
18019,1,38.45,38.45
18022,1,668.11,668.11
18024,2,389.78,194.89
18027,1,115.31,115.31
18030,2,230.65,115.32
18032,1,73.5,73.5
18033,1,97.97,97.97
18034,2,422.88,211.44
18035,3,730.4,243.47
18036,3,405.62,135.21
18037,6,70.02,11.67
18040,2,357.2,178.6
18041,21,4183.39,199.21
18042,1,165.05,165.05
18043,3,559.51,186.5
18044,10,2088.6,208.86
18045,1,189.4,189.4
18048,2,172.29,86.15
18050,1,74.4,74.4
18053,1,300.02,300.02
18055,10,6784.19,678.42
18056,1,363.65,363.65
18058,1,170.16,170.16
18059,3,306.46,102.15
18061,10,2119.41,211.94
18062,3,720.52,240.17
18064,2,814.0,407.0
18065,14,2392.83,170.92
18066,1,318.0,318.0
18067,1,396.33,396.33
18068,1,101.7,101.7
18069,5,2036.67,407.33
18071,2,453.0,226.5
18072,1,247.44,247.44
18073,12,3877.52,323.13
18074,1,489.6,489.6
18075,10,2611.75,261.18
18077,11,2633.01,239.36
18078,2,336.13,168.07
18079,4,3651.97,912.99
18080,2,1231.5,615.75
18081,3,343.45,114.48
18082,1,703.37,703.37
18084,1,90.48,90.48
18085,2,689.95,344.98
18086,1,101.34,101.34
18087,2,4055.72,2027.86
18088,1,167.67,167.67
18092,11,9068.26,824.39
18093,4,2106.52,526.63
18094,7,3017.3,431.04
18095,2,580.05,290.03
18096,3,911.15,303.72
18097,6,2697.8,449.63
18099,1,168.31,168.31
18101,2,223.65,111.82
18102,60,259657.3,4327.62
18104,1,754.64,754.64
18105,1,113.48,113.48
18106,1,430.7,430.7
18108,1,271.0,271.0
18109,26,8052.97,309.73
18110,1,236.3,236.3
18112,2,352.69,176.35
18113,1,76.32,76.32
18114,1,220.1,220.1
18116,8,1418.03,177.25
18117,1,320.72,320.72
18118,26,5653.82,217.45
18119,1,181.12,181.12
18120,1,111.15,111.15
18121,2,673.1,336.55
18122,6,1826.21,304.37
18123,2,589.44,294.72
18125,4,1142.99,285.75
18126,1,206.83,206.83
18127,3,348.73,116.24
18129,1,112.55,112.55
18130,3,1059.39,353.13
18133,1,931.5,931.5
18135,5,681.91,136.38
18136,3,784.33,261.44
18138,1,152.65,152.65
18139,6,8438.34,1406.39
18142,2,1019.52,509.76
18143,2,1000.16,500.08
18144,12,2888.75,240.73
18145,4,2861.55,715.39
18146,2,160.35,80.18
18147,2,179.34,89.67
18149,3,612.08,204.03
18150,3,566.58,188.86
18151,2,653.35,326.67
18154,2,399.19,199.6
18155,3,371.62,123.87
18156,2,734.94,367.47
18158,2,453.4,226.7
18159,1,530.15,530.15
18160,2,638.06,319.03
18161,5,1618.69,323.74
18164,1,399.65,399.65
18165,1,302.46,302.46
18167,3,1384.86,461.62
18168,6,1169.94,194.99
18169,1,202.65,202.65
18170,3,980.31,326.77
18171,5,1231.31,246.26
18172,20,7561.68,378.08
18173,4,2106.84,526.71
18174,1,104.0,104.0
18176,1,476.35,476.35
18177,6,1341.42,223.57
18178,4,1590.81,397.7
18179,6,1793.17,298.86
18180,6,1843.75,307.29
18181,1,382.8,382.8
18183,2,632.07,316.04
18184,1,49.8,49.8
18185,1,304.25,304.25
18188,3,2001.04,667.01
18189,2,1090.24,545.12
18190,2,284.46,142.23
18191,1,207.8,207.8
18192,1,957.97,957.97
18193,1,243.76,243.76
18194,1,973.84,973.84
18196,2,689.13,344.57
18198,17,5425.56,319.15
18200,1,163.8,163.8
18202,3,1396.99,465.66
18203,1,160.42,160.42
18204,3,1993.7,664.57
18205,2,517.36,258.68
18209,1,139.1,139.1
18210,6,2621.38,436.9
18211,5,600.07,120.01
18212,1,248.42,248.42
18213,1,232.48,232.48
18215,1,299.34,299.34
18216,1,481.75,481.75
18217,2,621.75,310.88
18218,2,662.08,331.04
18219,10,2069.77,206.98
18220,1,305.28,305.28
18221,5,1041.61,208.32
18222,1,443.0,443.0
18223,14,6484.54,463.18
18224,1,158.95,158.95
18225,12,5509.12,459.09
18226,11,5228.05,475.28
18227,1,93.75,93.75
18228,2,779.9,389.95
18229,20,7276.9,363.85
18230,7,2810.2,401.46
18231,5,2083.27,416.65
18232,4,592.97,148.24
18233,1,440.0,440.0
18235,3,1796.48,598.83
18236,6,882.24,147.04
18237,5,987.1,197.42
18239,5,1561.61,312.32
18240,1,422.58,422.58
18241,17,2073.09,121.95
18242,4,2232.49,558.12
18245,7,2567.06,366.72
18246,2,596.1,298.05
18248,2,804.02,402.01
18249,1,95.34,95.34
18250,1,349.27,349.27
18251,1,4314.72,4314.72
18252,2,526.67,263.33
18255,1,103.3,103.3
18257,8,2337.63,292.2
18259,3,2338.6,779.53
18260,6,2643.2,440.53
18261,2,324.24,162.12
18262,1,149.48,149.48
18263,3,1213.16,404.39
18265,2,801.51,400.76
18268,1,25.5,25.5
18269,1,168.6,168.6
18270,2,283.15,141.58
18272,6,3078.58,513.1
18273,3,204.0,68.0
18274,1,175.92,175.92
18276,1,335.86,335.86
18277,1,110.38,110.38
18278,1,173.9,173.9
18280,1,180.6,180.6
18281,1,80.82,80.82
18282,2,178.05,89.03
18283,16,2094.88,130.93
18287,3,1837.28,612.43
